id,verb,noun,adverb,sentence,LL_agent,LL_patient,semantic role,predicted,LL_delta
0,sells,toy,easily,Something sells this toy easily.,-9.18874,-0.0029546334,patient,patient,-9.1857853666
1,sells,book,easily,Something sells this book easily.,-4.2900243,-0.10912151,patient,patient,-4.18090279
2,sells,novel,easily,Something sells this novel easily.,-4.078333,-0.051019575,patient,patient,-4.027313425
3,sells,magazine,easily,Something sells this magazine easily.,-1.5754325,-0.42467195,patient,patient,-1.15076055
4,sells,hat,easily,Something sells this hat easily.,-11.307077,-0.0030089165,patient,patient,-11.304068083499999
5,sells,lotion,easily,Something sells this lotion easily.,-7.962974,-0.008194696,patient,patient,-7.954779304
6,sells,album,easily,Something sells this album easily.,-6.4645314,-0.030195186,patient,patient,-6.434336214
7,sells,car,easily,Something sells this car easily.,-3.5283585,-0.28885603,patient,patient,-3.23950247
8,sells,suv,easily,Something sells this SUV easily.,-2.840304,-0.103887245,patient,patient,-2.736416755
9,sells,product,easily,Something sells this product easily.,-4.651833,-0.05977858,patient,patient,-4.59205442
10,sells,make,easily,Something sells this make easily.,-7.5534086,-0.19192576,patient,patient,-7.36148284
11,sells,item,easily,Something sells this item easily.,-3.3511038,-0.07401759,patient,patient,-3.27708621
12,sells,cd,easily,Something sells this CD easily.,-8.384761,-0.033071876,patient,patient,-8.351689124
13,sells,drug,easily,Something sells this drug easily.,-3.4046297,-0.20679584,patient,patient,-3.1978338600000003
14,sells,snack,easily,Something sells this snack easily.,-9.964166,-0.0028382475,patient,patient,-9.9613277525
15,sells,salesman,easily,Something sells this salesman easily.,-0.10793463,-7.45792,patient,agent,7.34998537
16,sells,saleswoman,easily,Something sells this saleswoman easily.,-2.5521297,-0.3348447,patient,patient,-2.217285
17,sells,businessman,easily,Something sells this businessman easily.,-0.29062164,-4.500384,patient,agent,4.20976236
18,sells,businesswoman,easily,Something sells this businesswoman easily.,-3.0728645,-0.12548569,patient,patient,-2.94737881
19,sells,trader,easily,Something sells this trader easily.,-0.11674946,-2.9697478,patient,agent,2.85299834
20,sells,peddler,easily,Something sells this peddler easily.,-7.11996,-0.014041769,patient,patient,-7.1059182309999995
21,sells,telemarketer,easily,Something sells this telemarketer easily.,-0.24489555,-2.3213162,patient,agent,2.07642065
22,sells,dealer,easily,Something sells this dealer easily.,-0.17968196,-6.8451385,patient,agent,6.66545654
23,sells,shopkeeper,easily,Something sells this shopkeeper easily.,-2.523283,-1.0541164,patient,patient,-1.4691666
24,sells,toy,well,Something sells this toy well.,-9.19047,-0.0025398377,patient,patient,-9.187930162299999
25,sells,book,well,Something sells this book well.,-5.6218333,-0.0334525,patient,patient,-5.5883807999999995
26,sells,novel,well,Something sells this novel well.,-4.810623,-0.0226565,patient,patient,-4.7879665
27,sells,magazine,well,Something sells this magazine well.,-2.7266254,-0.15569681,patient,patient,-2.5709285900000003
28,sells,hat,well,Something sells this hat well.,-11.187535,-0.003068942,patient,patient,-11.184466058
29,sells,lotion,well,Something sells this lotion well.,-9.452043,-0.004469386,patient,patient,-9.447573614
30,sells,album,well,Something sells this album well.,-8.118541,-0.007952664,patient,patient,-8.110588336000001
31,sells,car,well,Something sells this car well.,-5.572536,-0.06487824,patient,patient,-5.507657760000001
32,sells,suv,well,Something sells this SUV well.,-3.8462439,-0.04811314,patient,patient,-3.7981307600000003
33,sells,product,well,Something sells this product well.,-5.000698,-0.023971504,patient,patient,-4.9767264959999995
34,sells,make,well,Something sells this make well.,-9.343051,-0.04548393,patient,patient,-9.297567070000001
35,sells,item,well,Something sells this item well.,-4.271816,-0.030961648,patient,patient,-4.240854352
36,sells,cd,well,Something sells this CD well.,-9.68755,-0.012985884,patient,patient,-9.674564115999999
37,sells,drug,well,Something sells this drug well.,-5.0151196,-0.06080241,patient,patient,-4.95431719
38,sells,snack,well,Something sells this snack well.,-11.094872,-0.0018916896,patient,patient,-11.0929803104
39,sells,salesman,well,Something sells this salesman well.,-0.4184627,-6.272036,patient,agent,5.8535733
40,sells,saleswoman,well,Something sells this saleswoman well.,-3.0104039,-0.40108615,patient,patient,-2.60931775
41,sells,businessman,well,Something sells this businessman well.,-0.14604865,-4.24403,patient,agent,4.09798135
42,sells,businesswoman,well,Something sells this businesswoman well.,-4.1281986,-0.079323895,patient,patient,-4.048874705
43,sells,trader,well,Something sells this trader well.,-0.18251914,-2.2919254,patient,agent,2.1094062599999996
44,sells,peddler,well,Something sells this peddler well.,-5.7294645,-0.01591347,patient,patient,-5.71355103
45,sells,telemarketer,well,Something sells this telemarketer well.,-0.5678769,-0.9846822,patient,agent,0.41680529999999993
46,sells,dealer,well,Something sells this dealer well.,-0.56294096,-4.092601,patient,agent,3.52966004
47,sells,shopkeeper,well,Something sells this shopkeeper well.,-4.317475,-0.6521509,patient,patient,-3.6653241
48,sells,toy,quickly,Something sells this toy quickly.,-7.5189323,-0.009456521,patient,patient,-7.509475779000001
49,sells,book,quickly,Something sells this book quickly.,-3.7989373,-0.20261747,patient,patient,-3.59631983
50,sells,novel,quickly,Something sells this novel quickly.,-3.346003,-0.090523526,patient,patient,-3.255479474
51,sells,magazine,quickly,Something sells this magazine quickly.,-1.4981765,-0.67548376,patient,patient,-0.82269274
52,sells,hat,quickly,Something sells this hat quickly.,-8.7033825,-0.009433658,patient,patient,-8.693948842
53,sells,lotion,quickly,Something sells this lotion quickly.,-7.5982213,-0.015161274,patient,patient,-7.583060026
54,sells,album,quickly,Something sells this album quickly.,-5.3781495,-0.06729874,patient,patient,-5.31085076
55,sells,car,quickly,Something sells this car quickly.,-2.419878,-0.7363159,patient,patient,-1.6835621
56,sells,suv,quickly,Something sells this SUV quickly.,-1.7417108,-0.3032439,patient,patient,-1.4384668999999999
57,sells,product,quickly,Something sells this product quickly.,-3.97539,-0.08277371,patient,patient,-3.89261629
58,sells,make,quickly,Something sells this make quickly.,-5.507276,-0.6327502,patient,patient,-4.8745258
59,sells,item,quickly,Something sells this item quickly.,-3.0601966,-0.11678101,patient,patient,-2.94341559
60,sells,cd,quickly,Something sells this CD quickly.,-7.375709,-0.07419867,patient,patient,-7.301510329999999
61,sells,drug,quickly,Something sells this drug quickly.,-3.1722786,-0.40982947,patient,patient,-2.76244913
62,sells,snack,quickly,Something sells this snack quickly.,-8.942143,-0.0057634595,patient,patient,-8.936379540499999
63,sells,salesman,quickly,Something sells this salesman quickly.,-0.6940638,-7.6409855,patient,agent,6.9469217
64,sells,saleswoman,quickly,Something sells this saleswoman quickly.,-1.7171594,-0.81207204,patient,patient,-0.9050873599999999
65,sells,businessman,quickly,Something sells this businessman quickly.,-0.47494787,-4.3224964,patient,agent,3.8475485300000005
66,sells,businesswoman,quickly,Something sells this businesswoman quickly.,-2.7613835,-0.23398358,patient,patient,-2.52739992
67,sells,trader,quickly,Something sells this trader quickly.,-0.16134615,-3.4303672,patient,agent,3.26902105
68,sells,peddler,quickly,Something sells this peddler quickly.,-5.4749455,-0.06980423,patient,patient,-5.40514127
69,sells,telemarketer,quickly,Something sells this telemarketer quickly.,-0.2714012,-2.2359712,patient,agent,1.9645699999999997
70,sells,dealer,quickly,Something sells this dealer quickly.,-0.4457803,-6.2139,patient,agent,5.7681197
71,sells,shopkeeper,quickly,Something sells this shopkeeper quickly.,-1.7375067,-2.4345167,patient,agent,0.6970100000000001
72,drives,car,nicely,Something drives this car nicely.,-4.8691044,-0.022417098,patient,patient,-4.846687302
73,drives,suv,nicely,Something drives this SUV nicely.,-2.90311,-0.07784916,patient,patient,-2.82526084
74,drives,truck,nicely,Something drives this truck nicely.,-4.349503,-0.0216309,patient,patient,-4.3278721
75,drives,convertible,nicely,Something drives this convertible nicely.,-4.61762,-0.021385167,patient,patient,-4.596234833
76,drives,vehicle,nicely,Something drives this vehicle nicely.,-3.4530113,-0.042927623,patient,patient,-3.410083677
77,drives,tank,nicely,Something drives this tank nicely.,-8.373776,-0.0033347977,patient,patient,-8.3704412023
78,drives,bus,nicely,Something drives this bus nicely.,-6.3858747,-0.0063841864,patient,patient,-6.3794905135999995
79,drives,tractor,nicely,Something drives this tractor nicely.,-4.3239417,-0.022222305,patient,patient,-4.301719395
80,drives,van,nicely,Something drives this van nicely.,-5.6551585,-0.011298067,patient,patient,-5.6438604329999995
81,drives,driver,nicely,Something drives this driver nicely.,-4.2976956,-0.033364065,patient,patient,-4.264331535
82,drives,person,nicely,Something drives this person nicely.,-4.111403,-0.075178824,patient,patient,-4.036224176
83,drives,chauffeur,nicely,Something drives this chauffeur nicely.,-2.152577,-0.25794548,patient,patient,-1.89463152
84,drives,car,smoothly,Something drives this car smoothly.,-2.1273737,-0.17284493,patient,patient,-1.95452877
85,drives,suv,smoothly,Something drives this SUV smoothly.,-0.6462227,-0.8043267,patient,agent,0.1581039999999999
86,drives,truck,smoothly,Something drives this truck smoothly.,-2.6436014,-0.08597675,patient,patient,-2.55762465
87,drives,convertible,smoothly,Something drives this convertible smoothly.,-3.579076,-0.044095416,patient,patient,-3.5349805840000004
88,drives,vehicle,smoothly,Something drives this vehicle smoothly.,-0.73886406,-0.71132,patient,patient,-0.027544060000000092
89,drives,tank,smoothly,Something drives this tank smoothly.,-6.386045,-0.008110145,patient,patient,-6.377934855
90,drives,bus,smoothly,Something drives this bus smoothly.,-2.5168042,-0.103190064,patient,patient,-2.413614136
91,drives,tractor,smoothly,Something drives this tractor smoothly.,-3.5306716,-0.03868843,patient,patient,-3.4919831699999997
92,drives,van,smoothly,Something drives this van smoothly.,-3.2641501,-0.049676824,patient,patient,-3.214473276
93,drives,driver,smoothly,Something drives this driver smoothly.,-1.3468455,-0.4627446,patient,patient,-0.8841009
94,drives,person,smoothly,Something drives this person smoothly.,-2.1634295,-0.2860083,patient,patient,-1.8774212
95,drives,chauffeur,smoothly,Something drives this chauffeur smoothly.,-1.0128975,-0.8841647,patient,patient,-0.12873279999999998
96,drives,car,well,Something drives this car well.,-3.384367,-0.07986669,patient,patient,-3.3045003100000003
97,drives,suv,well,Something drives this SUV well.,-2.1373246,-0.1693958,patient,patient,-1.9679288
98,drives,truck,well,Something drives this truck well.,-2.4362783,-0.1272783,patient,patient,-2.309
99,drives,convertible,well,Something drives this convertible well.,-5.508296,-0.012045364,patient,patient,-5.496250636
100,drives,vehicle,well,Something drives this vehicle well.,-0.70436,-0.7871046,patient,agent,0.08274460000000006
101,drives,tank,well,Something drives this tank well.,-9.719115,-0.0016708159,patient,patient,-9.7174441841
102,drives,bus,well,Something drives this bus well.,-6.152415,-0.0068104225,patient,patient,-6.1456045775
103,drives,tractor,well,Something drives this tractor well.,-3.1145213,-0.062829316,patient,patient,-3.0516919839999996
104,drives,van,well,Something drives this van well.,-5.6402783,-0.014493535,patient,patient,-5.625784765000001
105,drives,driver,well,Something drives this driver well.,-1.2143078,-0.6795196,patient,patient,-0.5347882
106,drives,person,well,Something drives this person well.,-2.881208,-0.13538632,patient,patient,-2.74582168
107,drives,chauffeur,well,Something drives this chauffeur well.,-0.3522894,-1.6305907,patient,agent,1.2783012999999999
108,flies,plane,nicely,Something flies this plane nicely.,-3.7340233,-0.039892446,patient,patient,-3.694130854
109,flies,kite,nicely,Something flies this kite nicely.,-8.367248,-0.002006293,patient,patient,-8.365241707
110,flies,jet,nicely,Something flies this jet nicely.,-7.2437053,-0.004080774,patient,patient,-7.239624526
111,flies,aircraft,nicely,Something flies this aircraft nicely.,-4.2231407,-0.023822615,patient,patient,-4.199318085
112,flies,pilot,nicely,Something flies this pilot nicely.,-4.4054384,-0.023938235,patient,patient,-4.381500165
113,flies,person,nicely,Something flies this person nicely.,-6.2060256,-0.016563127,patient,patient,-6.189462473
114,flies,aviator,nicely,Something flies this aviator nicely.,-8.491677,-0.0026941395,patient,patient,-8.488982860499998
115,flies,captain,nicely,Something flies this captain nicely.,-2.50703,-0.11710789,patient,patient,-2.3899221099999997
116,flies,plane,smoothly,Something flies this plane smoothly.,-1.350557,-0.34112144,patient,patient,-1.00943556
117,flies,kite,smoothly,Something flies this kite smoothly.,-4.4648027,-0.018821085,patient,patient,-4.445981615
118,flies,jet,smoothly,Something flies this jet smoothly.,-5.726126,-0.008922047,patient,patient,-5.717203952999999
119,flies,aircraft,smoothly,Something flies this aircraft smoothly.,-2.047287,-0.15761574,patient,patient,-1.8896712599999999
120,flies,pilot,smoothly,Something flies this pilot smoothly.,-2.1037223,-0.17996669,patient,patient,-1.9237556099999997
121,flies,person,smoothly,Something flies this person smoothly.,-3.3542984,-0.11112112,patient,patient,-3.24317728
122,flies,aviator,smoothly,Something flies this aviator smoothly.,-5.542729,-0.016909638,patient,patient,-5.525819362
123,flies,captain,smoothly,Something flies this captain smoothly.,-0.8427855,-0.713185,patient,patient,-0.1296005
124,flies,plane,well,Something flies this plane well.,-3.2414117,-0.07361994,patient,patient,-3.16779176
125,flies,kite,well,Something flies this kite well.,-8.177005,-0.002080472,patient,patient,-8.174924528
126,flies,jet,well,Something flies this jet well.,-7.661101,-0.0030215317,patient,patient,-7.6580794683
127,flies,aircraft,well,Something flies this aircraft well.,-1.5368414,-0.2942113,patient,patient,-1.2426301
128,flies,pilot,well,Something flies this pilot well.,-2.1776228,-0.19252577,patient,patient,-1.98509703
129,flies,person,well,Something flies this person well.,-4.084655,-0.043207463,patient,patient,-4.041447537
130,flies,aviator,well,Something flies this aviator well.,-6.092046,-0.016977414,patient,patient,-6.0750685859999995
131,flies,captain,well,Something flies this captain well.,-0.85761714,-0.67217404,patient,patient,-0.18544309999999997
132,cooks,mushroom,nicely,Something cooks this mushroom nicely.,-14.385102,-0.00047016633,patient,patient,-14.38463183367
133,cooks,pepper,nicely,Something cooks this pepper nicely.,-11.936529,-0.000526521,patient,patient,-11.936002479
134,cooks,fish,nicely,Something cooks this fish nicely.,-11.998937,-0.0004844188,patient,patient,-11.9984525812
135,cooks,salmon,nicely,Something cooks this salmon nicely.,-14.108154,-0.00038554877,patient,patient,-14.107768451230001
136,cooks,tuna,nicely,Something cooks this tuna nicely.,-10.700754,-0.0010201293,patient,patient,-10.6997338707
137,cooks,fillet,nicely,Something cooks this fillet nicely.,-10.613099,-0.0010231105,patient,patient,-10.6120758895
138,cooks,vegetable,nicely,Something cooks this vegetable nicely.,-14.179274,-0.00062468514,patient,patient,-14.17864931486
139,cooks,herb,nicely,Something cooks this herb nicely.,-15.366882,-0.00032920254,patient,patient,-15.36655279746
140,cooks,meat,nicely,Something cooks this meat nicely.,-8.357332,-0.0012308902,patient,patient,-8.356101109799999
141,cooks,ingredient,nicely,Something cooks this ingredient nicely.,-5.406152,-0.04746845,patient,patient,-5.358683549999999
142,cooks,steak,nicely,Something cooks this steak nicely.,-8.7393,-0.0015263426,patient,patient,-8.7377736574
143,cooks,chef,nicely,Something cooks this chef nicely.,-5.0261116,-0.014080212,patient,patient,-5.0120313880000005
144,cooks,cook,nicely,Something cooks this cook nicely.,-6.8799386,-0.1673689,patient,patient,-6.7125697
145,cooks,baker,nicely,Something cooks this baker nicely.,-10.715477,-0.0010981162,patient,patient,-10.7143788838
146,cooks,caterer,nicely,Something cooks this caterer nicely.,-7.4810147,-0.015710354,patient,patient,-7.465304346
147,cooks,mushroom,well,Something cooks this mushroom well.,-14.512445,-0.00045621043,patient,patient,-14.51198878957
148,cooks,pepper,well,Something cooks this pepper well.,-13.520606,-0.00034488458,patient,patient,-13.52026111542
149,cooks,fish,well,Something cooks this fish well.,-14.060134,-0.0003170395,patient,patient,-14.0598169605
150,cooks,salmon,well,Something cooks this salmon well.,-14.504228,-0.00032598388,patient,patient,-14.50390201612
151,cooks,tuna,well,Something cooks this tuna well.,-12.238665,-0.00066780584,patient,patient,-12.23799719416
152,cooks,fillet,well,Something cooks this fillet well.,-11.418109,-0.0005716645,patient,patient,-11.417537335499999
153,cooks,vegetable,well,Something cooks this vegetable well.,-13.72186,-0.0006912467,patient,patient,-13.721168753299999
154,cooks,herb,well,Something cooks this herb well.,-15.837112,-0.0003146553,patient,patient,-15.836797344699999
155,cooks,meat,well,Something cooks this meat well.,-7.675456,-0.0016012026,patient,patient,-7.6738547974
156,cooks,ingredient,well,Something cooks this ingredient well.,-5.8816586,-0.052523796,patient,patient,-5.829134804
157,cooks,steak,well,Something cooks this steak well.,-8.613032,-0.0014401444,patient,patient,-8.6115918556
158,cooks,chef,well,Something cooks this chef well.,-4.7664533,-0.019884003,patient,patient,-4.746569297000001
159,cooks,cook,well,Something cooks this cook well.,-8.247989,-0.008862751,patient,patient,-8.239126249
160,cooks,baker,well,Something cooks this baker well.,-8.235146,-0.0021411593,patient,patient,-8.2330048407
161,cooks,caterer,well,Something cooks this caterer well.,-7.479163,-0.00940917,patient,patient,-7.46975383
162,cooks,mushroom,terribly,Something cooks this mushroom terribly.,-11.836229,-0.0004841794,patient,patient,-11.835744820599999
163,cooks,pepper,terribly,Something cooks this pepper terribly.,-7.977992,-0.0033385654,patient,patient,-7.9746534346
164,cooks,fish,terribly,Something cooks this fish terribly.,-8.806458,-0.00077904906,patient,patient,-8.805678950939999
165,cooks,salmon,terribly,Something cooks this salmon terribly.,-11.176008,-0.0003352268,patient,patient,-11.175672773199999
166,cooks,tuna,terribly,Something cooks this tuna terribly.,-8.820292,-0.0014027805,patient,patient,-8.8188892195
167,cooks,fillet,terribly,Something cooks this fillet terribly.,-8.608861,-0.002152809,patient,patient,-8.606708191
168,cooks,vegetable,terribly,Something cooks this vegetable terribly.,-11.813128,-0.0005857987,patient,patient,-11.812542201300001
169,cooks,herb,terribly,Something cooks this herb terribly.,-11.6308155,-0.00042866106,patient,patient,-11.63038683894
170,cooks,meat,terribly,Something cooks this meat terribly.,-3.8171246,-0.026954042,patient,patient,-3.7901705580000002
171,cooks,ingredient,terribly,Something cooks this ingredient terribly.,-3.528951,-0.13146922,patient,patient,-3.39748178
172,cooks,steak,terribly,Something cooks this steak terribly.,-5.9010673,-0.0059104054,patient,patient,-5.8951568946
173,cooks,chef,terribly,Something cooks this chef terribly.,-2.0355127,-0.17968352,patient,patient,-1.85582918
174,cooks,cook,terribly,Something cooks this cook terribly.,-6.069876,-0.034501534,patient,patient,-6.0353744659999995
175,cooks,baker,terribly,Something cooks this baker terribly.,-5.7548766,-0.0058412184,patient,patient,-5.749035381600001
176,cooks,caterer,terribly,Something cooks this caterer terribly.,-5.9931917,-0.033995934,patient,patient,-5.959195766
177,bakes,pizza,nicely,Something bakes this pizza nicely.,-10.14451,-0.0007079482,patient,patient,-10.1438020518
178,bakes,potato,nicely,Something bakes this potato nicely.,-14.8840685,-0.00054291834,patient,patient,-14.883525581659999
179,bakes,bread,nicely,Something bakes this bread nicely.,-13.027396,-0.00078895374,patient,patient,-13.026607046259999
180,bakes,cake,nicely,Something bakes this cake nicely.,-15.873052,-0.0005779873,patient,patient,-15.8724740127
181,bakes,pastry,nicely,Something bakes this pastry nicely.,-14.9481125,-0.00051447254,patient,patient,-14.94759802746
182,bakes,dough,nicely,Something bakes this dough nicely.,-13.47028,-0.00055460737,patient,patient,-13.46972539263
183,bakes,pie,nicely,Something bakes this pie nicely.,-15.05117,-0.0005018289,patient,patient,-15.050668171100002
184,bakes,clay,nicely,Something bakes this clay nicely.,-14.186347,-0.000464082,patient,patient,-14.185882917999999
185,bakes,patissier,nicely,Something bakes this patissier nicely.,-9.1215315,-0.005799372,patient,patient,-9.115732128
186,bakes,chef,nicely,Something bakes this chef nicely.,-8.601372,-0.0016244277,patient,patient,-8.5997475723
187,bakes,cook,nicely,Something bakes this cook nicely.,-12.400085,-0.00053069333,patient,patient,-12.39955430667
188,bakes,baker,nicely,Something bakes this baker nicely.,-12.230708,-0.001047276,patient,patient,-12.229660724
189,bakes,person,nicely,Something bakes this person nicely.,-8.632643,-0.013238865,patient,patient,-8.619404135
190,bakes,confectioner,nicely,Something bakes this confectioner nicely.,-13.191227,-0.0008862496,patient,patient,-13.190340750399999
191,bakes,pizza,terribly,Something bakes this pizza terribly.,-7.7569313,-0.001281918,patient,patient,-7.755649382
192,bakes,potato,terribly,Something bakes this potato terribly.,-14.955677,-0.00029950924,patient,patient,-14.95537749076
193,bakes,bread,terribly,Something bakes this bread terribly.,-11.334431,-0.00051602407,patient,patient,-11.33391497593
194,bakes,cake,terribly,Something bakes this cake terribly.,-14.406887,-0.00040045741,patient,patient,-14.406486542589999
195,bakes,pastry,terribly,Something bakes this pastry terribly.,-13.414056,-0.000323121,patient,patient,-13.413732879000001
196,bakes,dough,terribly,Something bakes this dough terribly.,-11.291584,-0.00049073686,patient,patient,-11.29109326314
197,bakes,pie,terribly,Something bakes this pie terribly.,-12.773033,-0.00035430674,patient,patient,-12.77267869326
198,bakes,clay,terribly,Something bakes this clay terribly.,-12.064726,-0.000447267,patient,patient,-12.064278733
199,bakes,patissier,terribly,Something bakes this patissier terribly.,-7.2965255,-0.011012553,patient,patient,-7.285512947000001
200,bakes,chef,terribly,Something bakes this chef terribly.,-4.3034334,-0.03782166,patient,patient,-4.265611740000001
201,bakes,cook,terribly,Something bakes this cook terribly.,-8.446114,-0.0065244455,patient,patient,-8.4395895545
202,bakes,baker,terribly,Something bakes this baker terribly.,-7.3808737,-0.0020979738,patient,patient,-7.378775726200001
203,bakes,person,terribly,Something bakes this person terribly.,-7.25426,-0.008238444,patient,patient,-7.2460215560000005
204,bakes,confectioner,terribly,Something bakes this confectioner terribly.,-9.789078,-0.0013328867,patient,patient,-9.7877451133
205,bakes,pizza,well,Something bakes this pizza well.,-9.145943,-0.00080189493,patient,patient,-9.145141105070001
206,bakes,potato,well,Something bakes this potato well.,-14.89384,-0.00043975122,patient,patient,-14.89340024878
207,bakes,bread,well,Something bakes this bread well.,-12.151133,-0.0007031761,patient,patient,-12.1504298239
208,bakes,cake,well,Something bakes this cake well.,-15.907748,-0.0003816121,patient,patient,-15.9073663879
209,bakes,pastry,well,Something bakes this pastry well.,-14.700673,-0.00050779217,patient,patient,-14.70016520783
210,bakes,dough,well,Something bakes this dough well.,-13.46957,-0.00065874035,patient,patient,-13.46891125965
211,bakes,pie,well,Something bakes this pie well.,-14.559921,-0.00048525323,patient,patient,-14.55943574677
212,bakes,clay,well,Something bakes this clay well.,-13.75425,-0.0003813765,patient,patient,-13.7538686235
213,bakes,patissier,well,Something bakes this patissier well.,-9.01691,-0.002884872,patient,patient,-9.014025128
214,bakes,chef,well,Something bakes this chef well.,-6.942055,-0.004606924,patient,patient,-6.937448076
215,bakes,cook,well,Something bakes this cook well.,-11.971219,-0.00060428825,patient,patient,-11.970614711749999
216,bakes,baker,well,Something bakes this baker well.,-9.289808,-0.0010999034,patient,patient,-9.2887080966
217,bakes,person,well,Something bakes this person well.,-7.0285378,-0.008243914,patient,patient,-7.020293885999999
218,bakes,confectioner,well,Something bakes this confectioner well.,-11.910012,-0.0008154978,patient,patient,-11.9091965022
219,reads,passage,nicely,Something reads this passage nicely.,-5.075285,-0.011277453,patient,patient,-5.064007547
220,reads,poem,nicely,Something reads this poem nicely.,-7.550203,-0.009370361,patient,patient,-7.540832639
221,reads,verse,nicely,Something reads this verse nicely.,-4.9611263,-1.2461557,patient,patient,-3.7149706
222,reads,line,nicely,Something reads this line nicely.,-5.4391093,-0.34197325,patient,patient,-5.0971360500000005
223,reads,passage,nicely,Something reads this passage nicely.,-5.075285,-0.011277453,patient,patient,-5.064007547
224,reads,script,nicely,Something reads this script nicely.,-3.3020566,-0.045877926,patient,patient,-3.2561786739999996
225,reads,abstract,nicely,Something reads this abstract nicely.,-1.9662114,-0.20814909,patient,patient,-1.75806231
226,reads,essay,nicely,Something reads this essay nicely.,-4.1246967,-0.028290048,patient,patient,-4.096406652000001
227,reads,letter,nicely,Something reads this letter nicely.,-6.3661838,-0.030233277,patient,patient,-6.335950523
228,reads,report,nicely,Something reads this report nicely.,-3.8062272,-0.40632614,patient,patient,-3.39990106
229,reads,student,nicely,Something reads this student nicely.,-3.9591763,-0.091047764,patient,patient,-3.8681285360000004
230,reads,orator,nicely,Something reads this orator nicely.,-6.1825933,-0.014728747,patient,patient,-6.167864552999999
231,reads,person,nicely,Something reads this person nicely.,-1.5806154,-0.33474663,patient,patient,-1.24586877
232,reads,narrator,nicely,Something reads this narrator nicely.,-1.3007995,-0.58911043,patient,patient,-0.7116890700000001
233,reads,announcer,nicely,Something reads this announcer nicely.,-0.75064176,-5.2478952,patient,agent,4.497253440000001
234,reads,broadcaster,nicely,Something reads this broadcaster nicely.,-1.5395843,-0.6783229,patient,patient,-0.8612614000000001
235,reads,teacher,nicely,Something reads this teacher nicely.,-1.5736641,-1.2610048,patient,patient,-0.3126593
236,reads,passage,well,Something reads this passage well.,-5.3380237,-0.01323506,patient,patient,-5.3247886399999995
237,reads,poem,well,Something reads this poem well.,-8.062213,-0.0106650675,patient,patient,-8.0515479325
238,reads,verse,well,Something reads this verse well.,-3.9372818,-1.9922218,patient,patient,-1.94506
239,reads,line,well,Something reads this line well.,-3.2580626,-0.92433393,patient,patient,-2.33372867
240,reads,passage,well,Something reads this passage well.,-5.3380237,-0.01323506,patient,patient,-5.3247886399999995
241,reads,script,well,Something reads this script well.,-2.2308607,-0.13967322,patient,patient,-2.09118748
242,reads,abstract,well,Something reads this abstract well.,-1.3468983,-0.39982915,patient,patient,-0.9470691500000001
243,reads,essay,well,Something reads this essay well.,-6.245282,-0.005051814,patient,patient,-6.240230186
244,reads,letter,well,Something reads this letter well.,-3.4001908,-0.16105701,patient,patient,-3.23913379
245,reads,report,well,Something reads this report well.,-4.517404,-0.7244619,patient,patient,-3.7929421
246,reads,student,well,Something reads this student well.,-3.332711,-0.20481944,patient,patient,-3.12789156
247,reads,orator,well,Something reads this orator well.,-5.5263667,-0.017008575,patient,patient,-5.509358124999999
248,reads,person,well,Something reads this person well.,-2.416375,-0.15133941,patient,patient,-2.26503559
249,reads,narrator,well,Something reads this narrator well.,-3.1565218,-1.1614677,patient,patient,-1.9950541000000002
250,reads,announcer,well,Something reads this announcer well.,-0.3679546,-6.83116,patient,agent,6.4632054
251,reads,broadcaster,well,Something reads this broadcaster well.,-1.6315892,-0.31731537,patient,patient,-1.31427383
252,reads,teacher,well,Something reads this teacher well.,-2.7625825,-3.391993,patient,agent,0.6294104999999997
253,paints,wall,easily,Something paints this wall easily.,-6.1669393,-0.0052023097,patient,patient,-6.1617369903000005
254,paints,fabric,easily,Something paints this fabric easily.,-9.224637,-0.0028285033,patient,patient,-9.2218084967
255,paints,glass,easily,Something paints this glass easily.,-5.5916743,-0.022872664,patient,patient,-5.568801636
256,paints,canvas,easily,Something paints this canvas easily.,-6.3584824,-0.007247702,patient,patient,-6.351234698
257,paints,wood,easily,Something paints this wood easily.,-6.0942326,-0.0059255753,patient,patient,-6.0883070247
258,paints,surface,easily,Something paints this surface easily.,-6.229982,-0.005007962,patient,patient,-6.224974038
259,paints,panel,easily,Something paints this panel easily.,-7.0970845,-0.0042086197,patient,patient,-7.0928758803
260,paints,painter,easily,Something paints this painter easily.,-4.031186,-0.04866686,patient,patient,-3.98251914
261,paints,artist,easily,Something paints this artist easily.,-4.3324213,-0.023706768,patient,patient,-4.308714532
262,paints,person,easily,Something paints this person easily.,-7.3715835,-0.010874134,patient,patient,-7.360709366
263,paints,illustrator,easily,Something paints this illustrator easily.,-3.131737,-0.053572804,patient,patient,-3.0781641960000004
264,paints,portraitist,easily,Something paints this portraitist easily.,-0.43014684,-1.3370377,patient,agent,0.9068908600000001
265,paints,wall,terribly,Something paints this wall terribly.,-7.1549077,-0.002461438,patient,patient,-7.152446262
266,paints,fabric,terribly,Something paints this fabric terribly.,-9.334067,-0.002202087,patient,patient,-9.331864912999999
267,paints,glass,terribly,Something paints this glass terribly.,-5.308887,-0.026720587,patient,patient,-5.282166413000001
268,paints,canvas,terribly,Something paints this canvas terribly.,-7.416354,-0.003466555,patient,patient,-7.412887445
269,paints,wood,terribly,Something paints this wood terribly.,-4.0566387,-0.026748745,patient,patient,-4.029889955
270,paints,surface,terribly,Something paints this surface terribly.,-5.2748303,-0.00943444,patient,patient,-5.26539586
271,paints,panel,terribly,Something paints this panel terribly.,-6.6946206,-0.005226038,patient,patient,-6.689394562
272,paints,painter,terribly,Something paints this painter terribly.,-2.9170408,-0.11848847,patient,patient,-2.79855233
273,paints,artist,terribly,Something paints this artist terribly.,-1.131712,-0.4440422,patient,patient,-0.6876698000000001
274,paints,person,terribly,Something paints this person terribly.,-6.6817594,-0.010441526,patient,patient,-6.671317874
275,paints,illustrator,terribly,Something paints this illustrator terribly.,-2.5130625,-0.09933668,patient,patient,-2.4137258200000002
276,paints,portraitist,terribly,Something paints this portraitist terribly.,-0.24230665,-1.99685,patient,agent,1.75454335
277,paints,wall,well,Something paints this wall well.,-7.871503,-0.0019281176,patient,patient,-7.869574882399999
278,paints,fabric,well,Something paints this fabric well.,-11.319677,-0.0011986044,patient,patient,-11.3184783956
279,paints,glass,well,Something paints this glass well.,-8.021135,-0.006376268,patient,patient,-8.014758731999999
280,paints,canvas,well,Something paints this canvas well.,-7.6687956,-0.0037052939,patient,patient,-7.6650903061
281,paints,wood,well,Something paints this wood well.,-8.953388,-0.0009857005,patient,patient,-8.952402299500001
282,paints,surface,well,Something paints this surface well.,-8.01608,-0.0018492287,patient,patient,-8.014230771300001
283,paints,panel,well,Something paints this panel well.,-8.213312,-0.0019445402,patient,patient,-8.2113674598
284,paints,painter,well,Something paints this painter well.,-4.889918,-0.023079416,patient,patient,-4.866838584
285,paints,artist,well,Something paints this artist well.,-3.638971,-0.037239827,patient,patient,-3.601731173
286,paints,person,well,Something paints this person well.,-7.585382,-0.0076792883,patient,patient,-7.5777027117
287,paints,illustrator,well,Something paints this illustrator well.,-3.937152,-0.024632772,patient,patient,-3.9125192280000003
288,paints,portraitist,well,Something paints this portraitist well.,-0.9249361,-0.6331079,patient,patient,-0.2918282000000001
289,paints,wall,beautifully,Something paints this wall beautifully.,-9.707401,-0.00401925,patient,patient,-9.70338175
290,paints,fabric,beautifully,Something paints this fabric beautifully.,-11.310866,-0.0014323255,patient,patient,-11.309433674500001
291,paints,glass,beautifully,Something paints this glass beautifully.,-9.043619,-0.0025676226,patient,patient,-9.041051377399999
292,paints,canvas,beautifully,Something paints this canvas beautifully.,-10.753833,-0.0013626692,patient,patient,-10.7524703308
293,paints,wood,beautifully,Something paints this wood beautifully.,-8.413484,-0.001841346,patient,patient,-8.411642654
294,paints,surface,beautifully,Something paints this surface beautifully.,-8.526223,-0.004708847,patient,patient,-8.521514153
295,paints,panel,beautifully,Something paints this panel beautifully.,-9.191999,-0.0021682796,patient,patient,-9.1898307204
296,paints,painter,beautifully,Something paints this painter beautifully.,-4.7316356,-0.023027329,patient,patient,-4.708608271
297,paints,artist,beautifully,Something paints this artist beautifully.,-6.58975,-0.0044656135,patient,patient,-6.585284386500001
298,paints,person,beautifully,Something paints this person beautifully.,-8.576449,-0.009229763,patient,patient,-8.567219237
299,paints,illustrator,beautifully,Something paints this illustrator beautifully.,-4.8884463,-0.010298069,patient,patient,-4.878148231
300,paints,portraitist,beautifully,Something paints this portraitist beautifully.,-2.5012708,-0.114618,patient,patient,-2.3866528
301,writes,section,quickly,Something writes this section quickly.,-0.9673116,-1.2336977,patient,agent,0.26638609999999996
302,writes,passage,quickly,Something writes this passage quickly.,-4.2835975,-0.020241946,patient,patient,-4.263355554
303,writes,proposal,quickly,Something writes this proposal quickly.,-1.3109667,-0.50388265,patient,patient,-0.80708405
304,writes,code,quickly,Something writes this code quickly.,-5.0953956,-2.9899108,patient,patient,-2.1054847999999997
305,writes,essay,quickly,Something writes this essay quickly.,-4.2246747,-0.03819445,patient,patient,-4.18648025
306,writes,student,quickly,Something writes this student quickly.,-6.702227,-0.04012552,patient,patient,-6.66210148
307,writes,person,quickly,Something writes this person quickly.,-4.824886,-0.04654935,patient,patient,-4.77833665
308,writes,notetaker,quickly,Something writes this notetaker quickly.,-6.135966,-0.08349843,patient,patient,-6.05246757
309,writes,journalist,quickly,Something writes this journalist quickly.,-1.0475751,-0.7216141,patient,patient,-0.32596099999999995
310,writes,scribe,quickly,Something writes this scribe quickly.,-4.4098234,-0.059093397,patient,patient,-4.350730003
311,writes,doctor,quickly,Something writes this doctor quickly.,-0.5543059,-3.5619237,patient,agent,3.0076178
312,writes,professor,quickly,Something writes this professor quickly.,-2.0841558,-2.0209138,patient,patient,-0.0632419999999998
313,writes,essayist,quickly,Something writes this essayist quickly.,-4.882634,-0.08618938,patient,patient,-4.79644462
314,writes,blogger,quickly,Something writes this blogger quickly.,-5.434388,-0.0528683,patient,patient,-5.3815197
315,writes,poet,quickly,Something writes this poet quickly.,-7.9606614,-0.0065026665,patient,patient,-7.9541587335
316,writes,novelist,quickly,Something writes this novelist quickly.,-5.2167945,-0.06481229,patient,patient,-5.15198221
317,writes,author,quickly,Something writes this author quickly.,-3.6575196,-0.6212971,patient,patient,-3.0362225
318,writes,section,easily,Something writes this section easily.,-1.7276546,-0.3582604,patient,patient,-1.3693942
319,writes,passage,easily,Something writes this passage easily.,-3.4341738,-0.03986757,patient,patient,-3.3943062299999998
320,writes,proposal,easily,Something writes this proposal easily.,-1.066035,-0.539768,patient,patient,-0.526267
321,writes,code,easily,Something writes this code easily.,-3.0455961,-0.57356006,patient,patient,-2.47203604
322,writes,essay,easily,Something writes this essay easily.,-3.1491609,-0.06960158,patient,patient,-3.07955932
323,writes,student,easily,Something writes this student easily.,-5.3598924,-0.016923457,patient,patient,-5.342968943
324,writes,person,easily,Something writes this person easily.,-3.785538,-0.057556566,patient,patient,-3.7279814339999997
325,writes,notetaker,easily,Something writes this notetaker easily.,-5.1018734,-0.08325211,patient,patient,-5.01862129
326,writes,journalist,easily,Something writes this journalist easily.,-1.0170617,-0.73692185,patient,patient,-0.28013984999999997
327,writes,scribe,easily,Something writes this scribe easily.,-3.9893136,-0.09431729,patient,patient,-3.89499631
328,writes,doctor,easily,Something writes this doctor easily.,-0.34078732,-5.8162136,patient,agent,5.475426280000001
329,writes,professor,easily,Something writes this professor easily.,-0.73809975,-2.116903,patient,agent,1.3788032500000003
330,writes,essayist,easily,Something writes this essayist easily.,-4.537046,-0.098705046,patient,patient,-4.438340954
331,writes,blogger,easily,Something writes this blogger easily.,-5.174956,-0.03610281,patient,patient,-5.13885319
332,writes,poet,easily,Something writes this poet easily.,-7.654108,-0.0042221467,patient,patient,-7.6498858533
333,writes,novelist,easily,Something writes this novelist easily.,-4.0399046,-0.08217114,patient,patient,-3.95773346
334,writes,author,easily,Something writes this author easily.,-2.7481751,-0.3024422,patient,patient,-2.4457329000000003
335,performs,routine,easily,Something performs this routine easily.,-0.9197549,-4.1822844,patient,agent,3.2625295000000003
336,performs,song,easily,Something performs this song easily.,-7.517774,-0.018433778,patient,patient,-7.499340222
337,performs,choreography,easily,Something performs this choreography easily.,-0.63672644,-4.1973877,patient,agent,3.5606612600000003
338,performs,sonata,easily,Something performs this sonata easily.,-4.407296,-0.021508545,patient,patient,-4.385787455
339,performs,concerto,easily,Something performs this concerto easily.,-2.6779501,-0.091388285,patient,patient,-2.586561815
340,performs,scene,easily,Something performs this scene easily.,-4.1941366,-6.8672705,patient,agent,2.6731339
341,performs,musician,easily,Something performs this musician easily.,-6.9245515,-0.009191865,patient,patient,-6.915359635
342,performs,person,easily,Something performs this person easily.,-3.4416614,-0.43271124,patient,patient,-3.00895016
343,performs,actor,easily,Something performs this actor easily.,-6.2805114,-0.017381923,patient,patient,-6.263129477
344,performs,comedian,easily,Something performs this comedian easily.,-4.0215816,-0.09496431,patient,patient,-3.9266172900000003
345,performs,dancer,easily,Something performs this dancer easily.,-9.075903,-0.0018147156,patient,patient,-9.0740882844
346,performs,singer,easily,Something performs this singer easily.,-9.462772,-0.0032038337,patient,patient,-9.459568166299999
347,performs,soloist,easily,Something performs this soloist easily.,-3.0261245,-0.120111264,patient,patient,-2.9060132359999997
348,photographs,building,nicely,Something photographs this building nicely.,-7.140857,-0.4901976,patient,patient,-6.650659399999999
349,photographs,animal,nicely,Something photographs this animal nicely.,-10.329634,-0.0015947551,patient,patient,-10.328039244900001
350,photographs,landscape,nicely,Something photographs this landscape nicely.,-6.6587553,-0.012386633,patient,patient,-6.646368667
351,photographs,lake,nicely,Something photographs this lake nicely.,-10.012279,-0.0011966951,patient,patient,-10.011082304899999
352,photographs,mountain,nicely,Something photographs this mountain nicely.,-9.159192,-0.002079396,patient,patient,-9.157112604
353,photographs,model,nicely,Something photographs this model nicely.,-11.438643,-0.0039062125,patient,patient,-11.4347367875
354,photographs,view,nicely,Something photographs this view nicely.,-6.873323,-0.01834083,patient,patient,-6.85498217
355,photographs,photographer,nicely,Something photographs this photographer nicely.,-2.3759086,-0.22720784,patient,patient,-2.1487007599999997
356,photographs,cameraman,nicely,Something photographs this cameraman nicely.,-3.0244732,-0.17482848,patient,patient,-2.84964472
357,photographs,building,beautifully,Something photographs this building beautifully.,-7.7790704,-0.16422275,patient,patient,-7.61484765
358,photographs,animal,beautifully,Something photographs this animal beautifully.,-11.193975,-0.0011673952,patient,patient,-11.1928076048
359,photographs,landscape,beautifully,Something photographs this landscape beautifully.,-7.317112,-0.014696687,patient,patient,-7.302415313
360,photographs,lake,beautifully,Something photographs this lake beautifully.,-10.8659935,-0.0011292051,patient,patient,-10.8648642949
361,photographs,mountain,beautifully,Something photographs this mountain beautifully.,-9.841382,-0.0014324456,patient,patient,-9.839949554399999
362,photographs,model,beautifully,Something photographs this model beautifully.,-11.546003,-0.0039684437,patient,patient,-11.5420345563
363,photographs,view,beautifully,Something photographs this view beautifully.,-10.103759,-0.0036865075,patient,patient,-10.1000724925
364,photographs,photographer,beautifully,Something photographs this photographer beautifully.,-3.8549817,-0.071752094,patient,patient,-3.7832296060000004
365,photographs,cameraman,beautifully,Something photographs this cameraman beautifully.,-4.822761,-0.040197186,patient,patient,-4.7825638139999995
366,plays,cello,nicely,Something plays this cello nicely.,-12.129432,-0.0017541089,patient,patient,-12.1276778911
367,plays,piano,nicely,Something plays this piano nicely.,-10.197712,-0.0019465716,patient,patient,-10.1957654284
368,plays,violin,nicely,Something plays this violin nicely.,-10.566671,-0.0012698009,patient,patient,-10.5654011991
369,plays,instrument,nicely,Something plays this instrument nicely.,-13.961901,-0.014223613,patient,patient,-13.947677386999999
370,plays,flute,nicely,Something plays this flute nicely.,-9.504958,-0.0054761046,patient,patient,-9.4994818954
371,plays,clarinet,nicely,Something plays this clarinet nicely.,-8.055652,-0.0033269627,patient,patient,-8.052325037300001
372,plays,musician,nicely,Something plays this musician nicely.,-6.6880016,-0.024578342,patient,patient,-6.663423258
373,plays,violinist,nicely,Something plays this violinist nicely.,-8.258144,-0.009229102,patient,patient,-8.248914897999999
374,plays,cellist,nicely,Something plays this cellist nicely.,-8.445525,-0.023781778,patient,patient,-8.421743222
375,plays,pianist,nicely,Something plays this pianist nicely.,-7.9744873,-0.0049773515,patient,patient,-7.9695099485
376,plays,drummer,nicely,Something plays this drummer nicely.,-6.530653,-0.024213538,patient,patient,-6.506439462
377,plays,flutist,nicely,Something plays this flutist nicely.,-10.608322,-0.0038534943,patient,patient,-10.6044685057
378,plays,clarinetist,nicely,Something plays this clarinetist nicely.,-7.614612,-0.006277957,patient,patient,-7.608334043
379,plays,cello,beautifully,Something plays this cello beautifully.,-11.775335,-0.0016912972,patient,patient,-11.7736437028
380,plays,piano,beautifully,Something plays this piano beautifully.,-10.183313,-0.0015847867,patient,patient,-10.1817282133
381,plays,violin,beautifully,Something plays this violin beautifully.,-10.502184,-0.0011884613,patient,patient,-10.5009955387
382,plays,instrument,beautifully,Something plays this instrument beautifully.,-11.850964,-0.038456924,patient,patient,-11.812507076
383,plays,flute,beautifully,Something plays this flute beautifully.,-7.9775143,-0.013160409,patient,patient,-7.964353891
384,plays,clarinet,beautifully,Something plays this clarinet beautifully.,-8.046353,-0.0032132228,patient,patient,-8.0431397772
385,plays,musician,beautifully,Something plays this musician beautifully.,-7.3475184,-0.009036557,patient,patient,-7.338481843
386,plays,violinist,beautifully,Something plays this violinist beautifully.,-7.931129,-0.008505733,patient,patient,-7.9226232670000005
387,plays,cellist,beautifully,Something plays this cellist beautifully.,-7.4846325,-0.086096995,patient,patient,-7.398535505
388,plays,pianist,beautifully,Something plays this pianist beautifully.,-7.1830406,-0.00401985,patient,patient,-7.17902075
389,plays,drummer,beautifully,Something plays this drummer beautifully.,-6.6611223,-0.01370308,patient,patient,-6.64741922
390,plays,flutist,beautifully,Something plays this flutist beautifully.,-10.036393,-0.0026608522,patient,patient,-10.0337321478
391,plays,clarinetist,beautifully,Something plays this clarinetist beautifully.,-6.4512672,-0.008727937,patient,patient,-6.4425392630000005
392,cuts,meat,nicely,Something cuts this meat nicely.,-10.22039,-0.00093898765,patient,patient,-10.21945101235
393,cuts,cardboard,nicely,Something cuts this cardboard nicely.,-9.425053,-0.005331798,patient,patient,-9.419721202
394,cuts,packaging,nicely,Something cuts this packaging nicely.,-4.0615563,-0.2134312,patient,patient,-3.8481251000000003
395,cuts,board,nicely,Something cuts this board nicely.,-6.182925,-0.043339103,patient,patient,-6.139585897
396,cuts,paper,nicely,Something cuts this paper nicely.,-6.094442,-0.01086859,patient,patient,-6.08357341
397,cuts,fabric,nicely,Something cuts this fabric nicely.,-9.824965,-0.04847921,patient,patient,-9.77648579
398,cuts,hairdresser,nicely,Something cuts this hairdresser nicely.,-1.240642,-0.435696,patient,patient,-0.8049459999999999
399,cuts,barber,nicely,Something cuts this barber nicely.,-7.1474967,-0.010673502,patient,patient,-7.136823197999999
400,cuts,butcher,nicely,Something cuts this butcher nicely.,-7.2021027,-0.014717557,patient,patient,-7.187385143
401,cuts,chef,nicely,Something cuts this chef nicely.,-5.514512,-0.013164757,patient,patient,-5.501347243
402,cuts,meat,roughly,Something cuts this meat roughly.,-1.6522739,-0.27787572,patient,patient,-1.37439818
403,cuts,cardboard,roughly,Something cuts this cardboard roughly.,-3.0743995,-0.7507961,patient,patient,-2.3236034
404,cuts,packaging,roughly,Something cuts this packaging roughly.,-1.732356,-2.7959316,patient,agent,1.0635755999999998
405,cuts,board,roughly,Something cuts this board roughly.,-2.4559014,-0.7588685,patient,patient,-1.6970329000000002
406,cuts,paper,roughly,Something cuts this paper roughly.,-0.59094924,-2.388696,patient,agent,1.7977467599999999
407,cuts,fabric,roughly,Something cuts this fabric roughly.,-6.398656,-0.5483568,patient,patient,-5.8502992
408,cuts,hairdresser,roughly,Something cuts this hairdresser roughly.,-0.2970453,-1.6238313,patient,agent,1.326786
409,cuts,barber,roughly,Something cuts this barber roughly.,-3.4076996,-0.16765904,patient,patient,-3.2400405599999997
410,cuts,butcher,roughly,Something cuts this butcher roughly.,-1.7276984,-1.439505,patient,patient,-0.28819339999999993
411,cuts,chef,roughly,Something cuts this chef roughly.,-1.6554799,-0.6630769,patient,patient,-0.992403
412,cuts,meat,cleanly,Something cuts this meat cleanly.,-5.077359,-0.022923464,patient,patient,-5.054435536000001
413,cuts,cardboard,cleanly,Something cuts this cardboard cleanly.,-4.8657136,-0.75092155,patient,patient,-4.11479205
414,cuts,packaging,cleanly,Something cuts this packaging cleanly.,-3.2507393,-4.5351357,patient,agent,1.2843963999999994
415,cuts,board,cleanly,Something cuts this board cleanly.,-5.8576083,-4.554341,patient,patient,-1.3032673
416,cuts,paper,cleanly,Something cuts this paper cleanly.,-4.4224267,-1.7020775,patient,patient,-2.7203492000000002
417,cuts,fabric,cleanly,Something cuts this fabric cleanly.,-5.957054,-3.0162766,patient,patient,-2.9407774000000004
418,cuts,hairdresser,cleanly,Something cuts this hairdresser cleanly.,-1.2109811,-0.51114523,patient,patient,-0.6998358699999999
419,cuts,barber,cleanly,Something cuts this barber cleanly.,-5.0160484,-0.041421056,patient,patient,-4.974627344
420,cuts,butcher,cleanly,Something cuts this butcher cleanly.,-2.741047,-0.81699556,patient,patient,-1.92405144
421,cuts,chef,cleanly,Something cuts this chef cleanly.,-2.3079867,-1.4013513,patient,patient,-0.9066353999999999
422,cuts,meat,effortlessly,Something cuts this meat effortlessly.,-5.968545,-0.005892056,patient,patient,-5.962652943999999
423,cuts,cardboard,effortlessly,Something cuts this cardboard effortlessly.,-5.919619,-0.023164326,patient,patient,-5.896454674
424,cuts,packaging,effortlessly,Something cuts this packaging effortlessly.,-1.2590702,-1.8918685,patient,agent,0.6327982999999999
425,cuts,board,effortlessly,Something cuts this board effortlessly.,-2.2973258,-0.5007606,patient,patient,-1.7965651999999999
426,cuts,paper,effortlessly,Something cuts this paper effortlessly.,-2.5453322,-0.13364425,patient,patient,-2.4116879499999997
427,cuts,fabric,effortlessly,Something cuts this fabric effortlessly.,-7.8632054,-0.19418725,patient,patient,-7.66901815
428,cuts,hairdresser,effortlessly,Something cuts this hairdresser effortlessly.,-0.72238296,-0.8689828,patient,agent,0.14659984000000004
429,cuts,barber,effortlessly,Something cuts this barber effortlessly.,-4.519673,-0.043134276,patient,patient,-4.476538724
430,cuts,butcher,effortlessly,Something cuts this butcher effortlessly.,-3.8833365,-0.12251285,patient,patient,-3.76082365
431,cuts,chef,effortlessly,Something cuts this chef effortlessly.,-1.2667644,-0.43659568,patient,patient,-0.8301687200000001
432,cleans,jewelry,easily,Something cleans this jewelry easily.,-6.976866,-0.0029148224,patient,patient,-6.9739511776
433,cleans,window,easily,Something cleans this window easily.,-2.5068681,-0.110051945,patient,patient,-2.3968161550000002
434,cleans,countertop,easily,Something cleans this countertop easily.,-7.214057,-0.0020079059,patient,patient,-7.2120490941
435,cleans,floor,easily,Something cleans this floor easily.,-5.658745,-0.006306987,patient,patient,-5.652438012999999
436,cleans,surface,easily,Something cleans this surface easily.,-7.89407,-0.0046226145,patient,patient,-7.8894473855000005
437,cleans,carpet,easily,Something cleans this carpet easily.,-6.0426774,-0.0054372093,patient,patient,-6.0372401906999995
438,cleans,windshield,easily,Something cleans this windshield easily.,-2.818098,-0.14217597,patient,patient,-2.67592203
439,cleans,mirror,easily,Something cleans this mirror easily.,-8.646011,-0.0034495683,patient,patient,-8.642561431699999
440,cleans,pot,easily,Something cleans this pot easily.,-8.608852,-0.003153907,patient,patient,-8.605698093
441,cleans,silverware,easily,Something cleans this silverware easily.,-2.1125777,-0.16208965,patient,patient,-1.9504880500000001
442,cleans,bedding,easily,Something cleans this bedding easily.,-2.904016,-2.2027795,patient,patient,-0.7012364999999998
443,cleans,janitor,easily,Something cleans this janitor easily.,-5.569699,-0.021652462,patient,patient,-5.548046538
444,cleans,maid,easily,Something cleans this maid easily.,-7.7082095,-0.012010738,patient,patient,-7.696198762
445,cleans,cleaner,easily,Something cleans this cleaner easily.,-5.641585,-0.035485715,patient,patient,-5.606099285
446,cleans,housekeeper,easily,Something cleans this housekeeper easily.,-6.7255373,-0.02495318,patient,patient,-6.70058412
447,cleans,busboy,easily,Something cleans this busboy easily.,-9.35343,-0.0035620183,patient,patient,-9.3498679817
448,cleans,waiter,easily,Something cleans this waiter easily.,-3.959972,-0.049236674,patient,patient,-3.910735326
449,cleans,waitress,easily,Something cleans this waitress easily.,-7.5651765,-0.004570158,patient,patient,-7.560606342
450,cleans,jewelry,quickly,Something cleans this jewelry quickly.,-5.5550575,-0.009866672,patient,patient,-5.545190828
451,cleans,window,quickly,Something cleans this window quickly.,-0.7964727,-0.69761205,patient,patient,-0.09886065
452,cleans,countertop,quickly,Something cleans this countertop quickly.,-5.756471,-0.005452191,patient,patient,-5.7510188090000005
453,cleans,floor,quickly,Something cleans this floor quickly.,-3.3835216,-0.04373537,patient,patient,-3.33978623
454,cleans,surface,quickly,Something cleans this surface quickly.,-5.60159,-0.015534295,patient,patient,-5.586055705
455,cleans,carpet,quickly,Something cleans this carpet quickly.,-4.006234,-0.03187567,patient,patient,-3.9743583300000003
456,cleans,windshield,quickly,Something cleans this windshield quickly.,-1.249276,-0.71359724,patient,patient,-0.53567876
457,cleans,mirror,quickly,Something cleans this mirror quickly.,-7.188539,-0.006171318,patient,patient,-7.182367682
458,cleans,pot,quickly,Something cleans this pot quickly.,-7.607764,-0.0047096857,patient,patient,-7.6030543143000004
459,cleans,silverware,quickly,Something cleans this silverware quickly.,-0.3800237,-1.3851669,patient,agent,1.0051432
460,cleans,bedding,quickly,Something cleans this bedding quickly.,-1.7492105,-3.1861668,patient,agent,1.4369563
461,cleans,janitor,quickly,Something cleans this janitor quickly.,-3.3352017,-0.16735418,patient,patient,-3.16784752
462,cleans,maid,quickly,Something cleans this maid quickly.,-7.3334694,-0.017552545,patient,patient,-7.315916855
463,cleans,cleaner,quickly,Something cleans this cleaner quickly.,-4.694185,-0.19527695,patient,patient,-4.49890805
464,cleans,housekeeper,quickly,Something cleans this housekeeper quickly.,-6.6111035,-0.082053445,patient,patient,-6.529050055
465,cleans,busboy,quickly,Something cleans this busboy quickly.,-5.1011043,-0.029737197,patient,patient,-5.071367103
466,cleans,waiter,quickly,Something cleans this waiter quickly.,-2.9088633,-0.125813,patient,patient,-2.7830503
467,cleans,waitress,quickly,Something cleans this waitress quickly.,-6.396155,-0.010827556,patient,patient,-6.3853274440000005
468,cleans,jewelry,effortlessly,Something cleans this jewelry effortlessly.,-5.2140627,-0.0114949085,patient,patient,-5.202567791500001
469,cleans,window,effortlessly,Something cleans this window effortlessly.,-0.9771705,-0.56917435,patient,patient,-0.40799615
470,cleans,countertop,effortlessly,Something cleans this countertop effortlessly.,-5.5018625,-0.007803027,patient,patient,-5.494059473
471,cleans,floor,effortlessly,Something cleans this floor effortlessly.,-2.9877648,-0.06626263,patient,patient,-2.9215021699999997
472,cleans,surface,effortlessly,Something cleans this surface effortlessly.,-4.695377,-0.028581461,patient,patient,-4.666795539
473,cleans,carpet,effortlessly,Something cleans this carpet effortlessly.,-4.9236283,-0.015082789,patient,patient,-4.908545511
474,cleans,windshield,effortlessly,Something cleans this windshield effortlessly.,-1.1379756,-0.71086204,patient,patient,-0.4271135600000001
475,cleans,mirror,effortlessly,Something cleans this mirror effortlessly.,-7.213307,-0.0056873877,patient,patient,-7.2076196123
476,cleans,pot,effortlessly,Something cleans this pot effortlessly.,-7.0898237,-0.0066397022,patient,patient,-7.0831839978
477,cleans,silverware,effortlessly,Something cleans this silverware effortlessly.,-0.691083,-0.8179255,patient,agent,0.12684249999999997
478,cleans,bedding,effortlessly,Something cleans this bedding effortlessly.,-2.215499,-3.5294456,patient,agent,1.3139466
479,cleans,janitor,effortlessly,Something cleans this janitor effortlessly.,-2.5651486,-0.17809054,patient,patient,-2.38705806
480,cleans,maid,effortlessly,Something cleans this maid effortlessly.,-5.614003,-0.032496314,patient,patient,-5.581506686
481,cleans,cleaner,effortlessly,Something cleans this cleaner effortlessly.,-3.2905269,-0.28277928,patient,patient,-3.00774762
482,cleans,housekeeper,effortlessly,Something cleans this housekeeper effortlessly.,-5.634021,-0.094724655,patient,patient,-5.5392963449999995
483,cleans,busboy,effortlessly,Something cleans this busboy effortlessly.,-5.5017767,-0.016338812,patient,patient,-5.485437888
484,cleans,waiter,effortlessly,Something cleans this waiter effortlessly.,-1.8271767,-0.2935522,patient,patient,-1.5336245000000002
485,cleans,waitress,effortlessly,Something cleans this waitress effortlessly.,-5.2293725,-0.016728882,patient,patient,-5.212643618
486,washes,bottle,easily,Something washes this bottle easily.,-4.400991,-0.025261348,patient,patient,-4.375729652
487,washes,tub,easily,Something washes this tub easily.,-6.1748447,-0.0056076045,patient,patient,-6.169237095500001
488,washes,shirt,easily,Something washes this shirt easily.,-8.444458,-0.0026890624,patient,patient,-8.4417689376
489,washes,car,easily,Something washes this car easily.,-4.611573,-0.040647455,patient,patient,-4.570925545
490,washes,windshield,easily,Something washes this windshield easily.,-2.5231504,-0.1331597,patient,patient,-2.3899907000000002
491,washes,dish,easily,Something washes this dish easily.,-11.035391,-0.001280663,patient,patient,-11.034110337000001
492,washes,bedding,easily,Something washes this bedding easily.,-2.8472874,-2.0068333,patient,patient,-0.8404541000000001
493,washes,blanket,easily,Something washes this blanket easily.,-10.972678,-0.0011849394,patient,patient,-10.9714930606
494,washes,bowl,easily,Something washes this bowl easily.,-8.547526,-0.0028723795,patient,patient,-8.5446536205
495,washes,worker,easily,Something washes this worker easily.,-1.158223,-0.53882205,patient,patient,-0.61940095
496,washes,maid,easily,Something washes this maid easily.,-6.6603603,-0.009523977,patient,patient,-6.650836323
497,washes,cleaner,easily,Something washes this cleaner easily.,-2.2115593,-0.23483102,patient,patient,-1.9767282799999997
498,washes,busboy,easily,Something washes this busboy easily.,-5.4558935,-0.013312372,patient,patient,-5.4425811280000005
499,washes,bottle,quickly,Something washes this bottle quickly.,-3.2655416,-0.07623854,patient,patient,-3.1893030600000003
500,washes,tub,quickly,Something washes this tub quickly.,-4.097466,-0.030183515,patient,patient,-4.067282485
501,washes,shirt,quickly,Something washes this shirt quickly.,-6.906182,-0.004815749,patient,patient,-6.901366251000001
502,washes,car,quickly,Something washes this car quickly.,-2.8645039,-0.1676276,patient,patient,-2.6968763
503,washes,windshield,quickly,Something washes this windshield quickly.,-1.3255963,-0.41087973,patient,patient,-0.91471657
504,washes,dish,quickly,Something washes this dish quickly.,-9.639213,-0.0019185622,patient,patient,-9.6372944378
505,washes,bedding,quickly,Something washes this bedding quickly.,-2.2912784,-2.6001582,patient,agent,0.30887980000000015
506,washes,blanket,quickly,Something washes this blanket quickly.,-8.734301,-0.0024534904,patient,patient,-8.7318475096
507,washes,bowl,quickly,Something washes this bowl quickly.,-6.516404,-0.0068500913,patient,patient,-6.5095539087
508,washes,worker,quickly,Something washes this worker quickly.,-0.9143679,-0.9541218,patient,agent,0.03975390000000001
509,washes,maid,quickly,Something washes this maid quickly.,-7.1851797,-0.007522414,patient,patient,-7.177657286
510,washes,cleaner,quickly,Something washes this cleaner quickly.,-1.928785,-0.44795778,patient,patient,-1.4808272199999999
511,washes,busboy,quickly,Something washes this busboy quickly.,-3.6864328,-0.054589413,patient,patient,-3.631843387
512,shaves,beard,neatly,Something shaves this beard neatly.,-14.257596,-0.0004554952,patient,patient,-14.257140504799999
513,shaves,stubble,neatly,Something shaves this stubble neatly.,-4.0756254,-0.039347857,patient,patient,-4.036277543
514,shaves,sideburn,neatly,Something shaves this sideburn neatly.,-5.0712276,-0.025437659,patient,patient,-5.045789941000001
515,shaves,barber,neatly,Something shaves this barber neatly.,-6.164146,-0.014480593,patient,patient,-6.149665407
516,shaves,hairdresser,neatly,Something shaves this hairdresser neatly.,-2.072337,-0.19618502,patient,patient,-1.8761519800000002
517,shaves,beard,nicely,Something shaves this beard nicely.,-15.567365,-0.0003762477,patient,patient,-15.5669887523
518,shaves,stubble,nicely,Something shaves this stubble nicely.,-7.7112384,-0.0034260007,patient,patient,-7.7078123993
519,shaves,sideburn,nicely,Something shaves this sideburn nicely.,-7.0626025,-0.008788429,patient,patient,-7.053814071
520,shaves,barber,nicely,Something shaves this barber nicely.,-7.272113,-0.0075688376,patient,patient,-7.2645441624
521,shaves,hairdresser,nicely,Something shaves this hairdresser nicely.,-3.3632123,-0.06637397,patient,patient,-3.29683833
522,shaves,beard,smoothly,Something shaves this beard smoothly.,-15.5784855,-0.00035979127,patient,patient,-15.57812570873
523,shaves,stubble,smoothly,Something shaves this stubble smoothly.,-5.478698,-0.017189987,patient,patient,-5.4615080129999996
524,shaves,sideburn,smoothly,Something shaves this sideburn smoothly.,-6.047427,-0.01513634,patient,patient,-6.03229066
525,shaves,barber,smoothly,Something shaves this barber smoothly.,-6.0234613,-0.015631825,patient,patient,-6.007829475
526,shaves,hairdresser,smoothly,Something shaves this hairdresser smoothly.,-2.8842769,-0.0962398,patient,patient,-2.7880371
527,packs,crate,well,Something packs this crate well.,-9.024456,-0.002771899,patient,patient,-9.021684101
528,packs,lunchbox,well,Something packs this lunchbox well.,-8.482871,-0.0026019858,patient,patient,-8.4802690142
529,packs,basket,well,Something packs this basket well.,-11.06761,-0.0020129217,patient,patient,-11.0655970783
530,packs,container,well,Something packs this container well.,-10.751833,-0.0019323576,patient,patient,-10.7499006424
531,packs,coat,well,Something packs this coat well.,-10.223083,-0.0011602361,patient,patient,-10.2219227639
532,packs,jacket,well,Something packs this jacket well.,-9.2083,-0.0021385292,patient,patient,-9.2061614708
533,packs,bag,well,Something packs this bag well.,-12.364759,-0.003398672,patient,patient,-12.361360328
534,packs,duffle,well,Something packs this duffle well.,-6.741119,-0.0450808,patient,patient,-6.6960382
535,packs,food,well,Something packs this food well.,-5.661719,-0.02464487,patient,patient,-5.637074129999999
536,packs,suitcase,well,Something packs this suitcase well.,-8.318596,-0.00377302,patient,patient,-8.314822979999999
537,packs,tent,well,Something packs this tent well.,-10.235941,-0.0012594176,patient,patient,-10.2346815824
538,packs,backpack,well,Something packs this backpack well.,-11.367151,-0.0015900383,patient,patient,-11.3655609617
539,packs,mover,well,Something packs this mover well.,-8.05624,-0.004852883,patient,patient,-8.051387117
540,packs,traveller,well,Something packs this traveller well.,-5.003945,-0.019794624,patient,patient,-4.984150376
541,packs,clerk,well,Something packs this clerk well.,-2.1158712,-0.18070866,patient,patient,-1.9351625399999999
542,packs,worker,well,Something packs this worker well.,-3.8323095,-0.028736213,patient,patient,-3.803573287
543,packs,backpacker,well,Something packs this backpacker well.,-8.450452,-0.0012983875,patient,patient,-8.4491536125
544,packs,roadtripper,well,Something packs this roadtripper well.,-7.2130985,-0.002347559,patient,patient,-7.210750941
545,packs,hiker,well,Something packs this hiker well.,-7.888197,-0.0032559773,patient,patient,-7.8849410227
546,packs,camper,well,Something packs this camper well.,-6.5904098,-0.009384258,patient,patient,-6.581025542
547,packs,crate,easily,Something packs this crate easily.,-8.101094,-0.0050322246,patient,patient,-8.096061775399999
548,packs,lunchbox,easily,Something packs this lunchbox easily.,-6.8853083,-0.0065935026,patient,patient,-6.8787147974
549,packs,basket,easily,Something packs this basket easily.,-9.29862,-0.0034307868,patient,patient,-9.2951892132
550,packs,container,easily,Something packs this container easily.,-8.164747,-0.005604608,patient,patient,-8.159142392
551,packs,coat,easily,Something packs this coat easily.,-10.174963,-0.0013045958,patient,patient,-10.1736584042
552,packs,jacket,easily,Something packs this jacket easily.,-7.9416127,-0.003911777,patient,patient,-7.937700923
553,packs,bag,easily,Something packs this bag easily.,-9.249993,-0.025500083,patient,patient,-9.224492917
554,packs,duffle,easily,Something packs this duffle easily.,-3.8016546,-0.17386721,patient,patient,-3.62778739
555,packs,food,easily,Something packs this food easily.,-2.6627464,-0.16426757,patient,patient,-2.4984788300000003
556,packs,suitcase,easily,Something packs this suitcase easily.,-6.396585,-0.009779814,patient,patient,-6.386805186
557,packs,tent,easily,Something packs this tent easily.,-9.229152,-0.002301735,patient,patient,-9.226850265
558,packs,backpack,easily,Something packs this backpack easily.,-10.094465,-0.0028363343,patient,patient,-10.0916286657
559,packs,mover,easily,Something packs this mover easily.,-6.300777,-0.019373095,patient,patient,-6.281403905
560,packs,traveller,easily,Something packs this traveller easily.,-5.0127363,-0.020710155,patient,patient,-4.9920261450000005
561,packs,clerk,easily,Something packs this clerk easily.,-0.41960198,-1.3003068,patient,agent,0.88070482
562,packs,worker,easily,Something packs this worker easily.,-3.643494,-0.036112264,patient,patient,-3.6073817360000002
563,packs,backpacker,easily,Something packs this backpacker easily.,-9.769988,-0.0011083174,patient,patient,-9.7688796826
564,packs,roadtripper,easily,Something packs this roadtripper easily.,-5.8176203,-0.007104944,patient,patient,-5.810515356
565,packs,hiker,easily,Something packs this hiker easily.,-8.256162,-0.0033610526,patient,patient,-8.252800947399999
566,packs,camper,easily,Something packs this camper easily.,-5.9131365,-0.022336397,patient,patient,-5.890800103
567,stitches,silk,easily,Something stitches this silk easily.,-12.79337,-0.0008926924,patient,patient,-12.792477307599999
568,stitches,quilt,easily,Something stitches this quilt easily.,-10.174357,-0.000923177,patient,patient,-10.173433823
569,stitches,cotton,easily,Something stitches this cotton easily.,-9.497975,-0.0015650262,patient,patient,-9.4964099738
570,stitches,cut,easily,Something stitches this cut easily.,-5.313569,-0.02185476,patient,patient,-5.29171424
571,stitches,cloth,easily,Something stitches this cloth easily.,-11.458004,-0.0015386979,patient,patient,-11.456465302100002
572,stitches,fabric,easily,Something stitches this fabric easily.,-9.352261,-0.0029345443,patient,patient,-9.3493264557
573,stitches,wound,easily,Something stitches this wound easily.,-6.765187,-0.0072121625,patient,patient,-6.7579748375
574,stitches,surgeon,easily,Something stitches this surgeon easily.,-0.36421373,-2.7681348,patient,agent,2.40392107
575,stitches,tailor,easily,Something stitches this tailor easily.,-4.3296485,-0.08330018,patient,patient,-4.24634832
576,stitches,machine,easily,Something stitches this machine easily.,-7.695411,-0.004154033,patient,patient,-7.691256967
577,stitches,upholsterer,easily,Something stitches this upholsterer easily.,-4.024242,-0.036835793,patient,patient,-3.9874062070000003
578,stitches,dressmaker,easily,Something stitches this dressmaker easily.,-7.6129794,-0.009710056,patient,patient,-7.603269344
579,stitches,silk,smoothly,Something stitches this silk smoothly.,-13.943598,-0.0007539364,patient,patient,-13.942844063599999
580,stitches,quilt,smoothly,Something stitches this quilt smoothly.,-9.6799135,-0.00095020543,patient,patient,-9.67896329457
581,stitches,cotton,smoothly,Something stitches this cotton smoothly.,-11.103171,-0.0009885643,patient,patient,-11.1021824357
582,stitches,cut,smoothly,Something stitches this cut smoothly.,-5.3401585,-0.023709273,patient,patient,-5.3164492270000006
583,stitches,cloth,smoothly,Something stitches this cloth smoothly.,-11.557725,-0.0015384605,patient,patient,-11.556186539499999
584,stitches,fabric,smoothly,Something stitches this fabric smoothly.,-10.300053,-0.0019473487,patient,patient,-10.2981056513
585,stitches,wound,smoothly,Something stitches this wound smoothly.,-6.709428,-0.0069085457,patient,patient,-6.7025194543
586,stitches,surgeon,smoothly,Something stitches this surgeon smoothly.,-0.5311619,-1.5646272,patient,agent,1.0334653
587,stitches,tailor,smoothly,Something stitches this tailor smoothly.,-6.535895,-0.02158924,patient,patient,-6.51430576
588,stitches,machine,smoothly,Something stitches this machine smoothly.,-7.0717278,-0.0044074208,patient,patient,-7.0673203792
589,stitches,upholsterer,smoothly,Something stitches this upholsterer smoothly.,-3.7058287,-0.04172328,patient,patient,-3.6641054200000003
590,stitches,dressmaker,smoothly,Something stitches this dressmaker smoothly.,-8.471649,-0.0068395287,patient,patient,-8.464809471299999
591,stitches,silk,nicely,Something stitches this silk nicely.,-14.202379,-0.0006466937,patient,patient,-14.2017323063
592,stitches,quilt,nicely,Something stitches this quilt nicely.,-10.819221,-0.00071212515,patient,patient,-10.81850887485
593,stitches,cotton,nicely,Something stitches this cotton nicely.,-12.278973,-0.00061060634,patient,patient,-12.27836239366
594,stitches,cut,nicely,Something stitches this cut nicely.,-9.021197,-0.0034622473,patient,patient,-9.017734752700001
595,stitches,cloth,nicely,Something stitches this cloth nicely.,-13.03415,-0.0009658359,patient,patient,-13.0331841641
596,stitches,fabric,nicely,Something stitches this fabric nicely.,-11.87434,-0.0012727858,patient,patient,-11.8730672142
597,stitches,wound,nicely,Something stitches this wound nicely.,-11.505983,-0.00138553,patient,patient,-11.50459747
598,stitches,surgeon,nicely,Something stitches this surgeon nicely.,-1.8744802,-0.27007377,patient,patient,-1.60440643
599,stitches,tailor,nicely,Something stitches this tailor nicely.,-6.4862704,-0.025409108,patient,patient,-6.460861292000001
600,stitches,machine,nicely,Something stitches this machine nicely.,-10.43548,-0.0018739529,patient,patient,-10.4336060471
601,stitches,upholsterer,nicely,Something stitches this upholsterer nicely.,-6.1966267,-0.0086441245,patient,patient,-6.1879825755
602,stitches,dressmaker,nicely,Something stitches this dressmaker nicely.,-9.511789,-0.003640086,patient,patient,-9.508148914
603,stitches,silk,poorly,Something stitches this silk poorly.,-13.04645,-0.0008302919,patient,patient,-13.0456197081
604,stitches,quilt,poorly,Something stitches this quilt poorly.,-10.428187,-0.00095628976,patient,patient,-10.42723071024
605,stitches,cotton,poorly,Something stitches this cotton poorly.,-11.618808,-0.001207438,patient,patient,-11.617600562
606,stitches,cut,poorly,Something stitches this cut poorly.,-6.5071907,-0.008335389,patient,patient,-6.498855311
607,stitches,cloth,poorly,Something stitches this cloth poorly.,-11.358281,-0.002124137,patient,patient,-11.356156863
608,stitches,fabric,poorly,Something stitches this fabric poorly.,-9.519649,-0.0028126617,patient,patient,-9.5168363383
609,stitches,wound,poorly,Something stitches this wound poorly.,-7.714274,-0.0036127458,patient,patient,-7.7106612542
610,stitches,surgeon,poorly,Something stitches this surgeon poorly.,-0.20338549,-2.844448,patient,agent,2.64106251
611,stitches,tailor,poorly,Something stitches this tailor poorly.,-4.2563915,-0.07254397,patient,patient,-4.18384753
612,stitches,machine,poorly,Something stitches this machine poorly.,-8.520224,-0.002433177,patient,patient,-8.517790823
613,stitches,upholsterer,poorly,Something stitches this upholsterer poorly.,-3.280283,-0.06518198,patient,patient,-3.2151010199999996
614,stitches,dressmaker,poorly,Something stitches this dressmaker poorly.,-8.3900585,-0.0046535702,patient,patient,-8.3854049298
615,embroiders,cushion,well,Something embroiders this cushion well.,-13.559585,-0.00038602657,patient,patient,-13.55919897343
616,embroiders,thread,well,Something embroiders this thread well.,-13.81849,-0.00047505385,patient,patient,-13.81801494615
617,embroiders,cloth,well,Something embroiders this cloth well.,-10.89699,-0.0014049263,patient,patient,-10.895585073700001
618,embroiders,fabric,well,Something embroiders this fabric well.,-9.416644,-0.0017487933,patient,patient,-9.414895206699999
619,embroiders,tailor,well,Something embroiders this tailor well.,-5.218059,-0.07619924,patient,patient,-5.14185976
620,embroiders,seamster,well,Something embroiders this seamster well.,-9.463148,-0.0023693065,patient,patient,-9.4607786935
621,embroiders,seamstress,well,Something embroiders this seamstress well.,-10.405812,-0.0049202656,patient,patient,-10.4008917344
622,embroiders,cushion,nicely,Something embroiders this cushion nicely.,-11.900004,-0.0005831151,patient,patient,-11.8994208849
623,embroiders,thread,nicely,Something embroiders this thread nicely.,-12.126831,-0.00056200207,patient,patient,-12.12626899793
624,embroiders,cloth,nicely,Something embroiders this cloth nicely.,-9.955938,-0.0019400019,patient,patient,-9.9539979981
625,embroiders,fabric,nicely,Something embroiders this fabric nicely.,-9.284702,-0.0014716014,patient,patient,-9.283230398599999
626,embroiders,tailor,nicely,Something embroiders this tailor nicely.,-4.497884,-0.17566597,patient,patient,-4.32221803
627,embroiders,seamster,nicely,Something embroiders this seamster nicely.,-9.178964,-0.0024635883,patient,patient,-9.176500411700001
628,embroiders,seamstress,nicely,Something embroiders this seamstress nicely.,-8.20764,-0.014328814,patient,patient,-8.193311185999999
629,embroiders,cushion,beautifully,Something embroiders this cushion beautifully.,-12.493494,-0.00052866584,patient,patient,-12.49296533416
630,embroiders,thread,beautifully,Something embroiders this thread beautifully.,-12.77563,-0.00056247984,patient,patient,-12.77506752016
631,embroiders,cloth,beautifully,Something embroiders this cloth beautifully.,-10.055412,-0.0020617205,patient,patient,-10.0533502795
632,embroiders,fabric,beautifully,Something embroiders this fabric beautifully.,-9.23172,-0.0013338423,patient,patient,-9.2303861577
633,embroiders,tailor,beautifully,Something embroiders this tailor beautifully.,-4.354693,-0.09665944,patient,patient,-4.25803356
634,embroiders,seamster,beautifully,Something embroiders this seamster beautifully.,-9.178144,-0.0020031861,patient,patient,-9.1761408139
635,embroiders,seamstress,beautifully,Something embroiders this seamstress beautifully.,-9.50541,-0.007538388,patient,patient,-9.497871611999999
636,embroiders,cushion,poorly,Something embroiders this cushion poorly.,-10.188348,-0.0011290851,patient,patient,-10.187218914899999
637,embroiders,thread,poorly,Something embroiders this thread poorly.,-10.580323,-0.0010176222,patient,patient,-10.5793053778
638,embroiders,cloth,poorly,Something embroiders this cloth poorly.,-7.2450056,-0.015012961,patient,patient,-7.229992639
639,embroiders,fabric,poorly,Something embroiders this fabric poorly.,-5.903311,-0.015414257,patient,patient,-5.887896743000001
640,embroiders,tailor,poorly,Something embroiders this tailor poorly.,-3.111957,-1.7804315,patient,patient,-1.3315255
641,embroiders,seamster,poorly,Something embroiders this seamster poorly.,-5.8847833,-0.010151859,patient,patient,-5.874631441
642,embroiders,seamstress,poorly,Something embroiders this seamstress poorly.,-5.96683,-0.048577696,patient,patient,-5.918252304
643,knits,yarn,well,Something knits this yarn well.,-12.955398,-0.0004676601,patient,patient,-12.9549303399
644,knits,wool,well,Something knits this wool well.,-12.247965,-0.00058466673,patient,patient,-12.247380333270002
645,knits,pattern,well,Something knits this pattern well.,-8.547014,-0.002392845,patient,patient,-8.544621155000002
646,knits,person,well,Something knits this person well.,-6.208072,-0.0101731755,patient,patient,-6.197898824499999
647,knits,lady,well,Something knits this lady well.,-12.990393,-0.0005699937,patient,patient,-12.9898230063
648,knits,man,well,Something knits this man well.,-4.16235,-0.020841299,patient,patient,-4.141508701
649,knits,woman,well,Something knits this woman well.,-9.007175,-0.002275927,patient,patient,-9.004899073
650,knits,yarn,nicely,Something knits this yarn nicely.,-13.56662,-0.0005385048,patient,patient,-13.5660814952
651,knits,wool,nicely,Something knits this wool nicely.,-11.500618,-0.0009703123,patient,patient,-11.4996476877
652,knits,pattern,nicely,Something knits this pattern nicely.,-10.401115,-0.0011265778,patient,patient,-10.399988422200002
653,knits,person,nicely,Something knits this person nicely.,-6.1109877,-0.019508136,patient,patient,-6.091479564
654,knits,lady,nicely,Something knits this lady nicely.,-13.584555,-0.00060858356,patient,patient,-13.58394641644
655,knits,man,nicely,Something knits this man nicely.,-6.7781734,-0.004039417,patient,patient,-6.774133983
656,knits,woman,nicely,Something knits this woman nicely.,-9.357752,-0.002201371,patient,patient,-9.355550629
657,knits,yarn,beautifully,Something knits this yarn beautifully.,-13.514021,-0.000590093,patient,patient,-13.513430907
658,knits,wool,beautifully,Something knits this wool beautifully.,-12.84626,-0.0005704706,patient,patient,-12.8456895294
659,knits,pattern,beautifully,Something knits this pattern beautifully.,-8.862635,-0.005070925,patient,patient,-8.857564074999999
660,knits,person,beautifully,Something knits this person beautifully.,-7.5248284,-0.010289879,patient,patient,-7.5145385209999995
661,knits,lady,beautifully,Something knits this lady beautifully.,-14.809087,-0.00047505385,patient,patient,-14.80861194615
662,knits,man,beautifully,Something knits this man beautifully.,-8.747886,-0.0018544252,patient,patient,-8.7460315748
663,knits,woman,beautifully,Something knits this woman beautifully.,-11.522026,-0.0015088517,patient,patient,-11.5205171483
664,knits,yarn,poorly,Something knits this yarn poorly.,-11.340117,-0.0006617234,patient,patient,-11.339455276599999
665,knits,wool,poorly,Something knits this wool poorly.,-10.992986,-0.0010672655,patient,patient,-10.9919187345
666,knits,pattern,poorly,Something knits this pattern poorly.,-5.4469433,-0.010751701,patient,patient,-5.436191599
667,knits,person,poorly,Something knits this person poorly.,-3.6814582,-0.04610915,patient,patient,-3.63534905
668,knits,lady,poorly,Something knits this lady poorly.,-13.263576,-0.0004352194,patient,patient,-13.2631407806
669,knits,man,poorly,Something knits this man poorly.,-3.0451615,-0.056085177,patient,patient,-2.989076323
670,knits,woman,poorly,Something knits this woman poorly.,-8.073073,-0.004114109,patient,patient,-8.068958891000001
671,knits,yarn,easily,Something knits this yarn easily.,-11.056472,-0.0007743981,patient,patient,-11.055697601899999
672,knits,wool,easily,Something knits this wool easily.,-9.198537,-0.0017135639,patient,patient,-9.1968234361
673,knits,pattern,easily,Something knits this pattern easily.,-6.1993876,-0.00857571,patient,patient,-6.19081189
674,knits,person,easily,Something knits this person easily.,-3.8890269,-0.05788726,patient,patient,-3.83113964
675,knits,lady,easily,Something knits this lady easily.,-14.031006,-0.00043354955,patient,patient,-14.03057245045
676,knits,man,easily,Something knits this man easily.,-5.1087646,-0.011591084,patient,patient,-5.097173516
677,knits,woman,easily,Something knits this woman easily.,-9.110472,-0.0022468925,patient,patient,-9.1082251075
678,sews,fabric,well,Something sews this fabric well.,-7.826157,-0.009721131,patient,patient,-7.816435869
679,sews,material,well,Something sews this material well.,-1.7501347,-0.65687406,patient,patient,-1.09326064
680,sews,tailor,well,Something sews this tailor well.,-4.889553,-0.052492447,patient,patient,-4.837060553000001
681,sews,seamster,well,Something sews this seamster well.,-9.381599,-0.0016154711,patient,patient,-9.3799835289
682,sews,machine,well,Something sews this machine well.,-8.241166,-0.0031322015,patient,patient,-8.2380337985
683,sews,fabric,nicely,Something sews this fabric nicely.,-10.162593,-0.003400107,patient,patient,-10.159192893
684,sews,material,nicely,Something sews this material nicely.,-3.4830747,-0.13033997,patient,patient,-3.35273473
685,sews,tailor,nicely,Something sews this tailor nicely.,-4.979953,-0.08216868,patient,patient,-4.89778432
686,sews,seamster,nicely,Something sews this seamster nicely.,-9.599675,-0.0017969798,patient,patient,-9.5978780202
687,sews,machine,nicely,Something sews this machine nicely.,-9.853593,-0.0022042384,patient,patient,-9.8513887616
688,sews,fabric,beautifully,Something sews this fabric beautifully.,-8.250253,-0.009950166,patient,patient,-8.240302834000001
689,sews,material,beautifully,Something sews this material beautifully.,-2.583053,-0.25983578,patient,patient,-2.32321722
690,sews,tailor,beautifully,Something sews this tailor beautifully.,-4.4817805,-0.09614327,patient,patient,-4.38563723
691,sews,seamster,beautifully,Something sews this seamster beautifully.,-9.762112,-0.001624666,patient,patient,-9.760487334
692,sews,machine,beautifully,Something sews this machine beautifully.,-10.555324,-0.0017570928,patient,patient,-10.5535669072
693,sews,fabric,poorly,Something sews this fabric poorly.,-5.1112266,-0.0836316,patient,patient,-5.027595
694,sews,material,poorly,Something sews this material poorly.,-0.6403013,-3.3636289,patient,agent,2.7233276
695,sews,tailor,poorly,Something sews this tailor poorly.,-2.4549863,-0.537584,patient,patient,-1.9174023
696,sews,seamster,poorly,Something sews this seamster poorly.,-6.7733784,-0.004698665,patient,patient,-6.768679735
697,sews,machine,poorly,Something sews this machine poorly.,-7.027047,-0.0046628546,patient,patient,-7.022384145399999
698,turns,screw,smoothly,Something turns this screw smoothly.,-1.3130134,-1.1394218,patient,patient,-0.17359159999999996
699,turns,knob,smoothly,Something turns this knob smoothly.,-4.778846,-0.013187708,patient,patient,-4.7656582919999995
700,turns,car,smoothly,Something turns this car smoothly.,-4.7690854,-0.02632703,patient,patient,-4.74275837
701,turns,bike,smoothly,Something turns this bike smoothly.,-9.125636,-0.00078286754,patient,patient,-9.12485313246
702,turns,motorcycle,smoothly,Something turns this motorcycle smoothly.,-6.7917805,-0.002886008,patient,patient,-6.788894492
703,turns,valve,smoothly,Something turns this valve smoothly.,-3.5402355,-0.0756873,patient,patient,-3.4645482000000003
704,turns,handle,smoothly,Something turns this handle smoothly.,-0.6703332,-0.8634827,patient,agent,0.19314950000000009
705,turns,driver,smoothly,Something turns this driver smoothly.,-1.5850148,-0.31635058,patient,patient,-1.26866422
706,turns,racer,smoothly,Something turns this racer smoothly.,-9.711341,-0.0011121368,patient,patient,-9.7102288632
707,turns,motorist,smoothly,Something turns this motorist smoothly.,-3.4373903,-0.06186338,patient,patient,-3.37552692
708,turns,pilot,smoothly,Something turns this pilot smoothly.,-2.6697812,-0.11621618,patient,patient,-2.55356502
709,turns,screw,easily,Something turns this screw easily.,-0.47524193,-2.0161936,patient,agent,1.5409516699999999
710,turns,knob,easily,Something turns this knob easily.,-2.6982832,-0.11285495,patient,patient,-2.58542825
711,turns,car,easily,Something turns this car easily.,-4.469115,-0.031595007,patient,patient,-4.437519993
712,turns,bike,easily,Something turns this bike easily.,-9.055144,-0.0010324791,patient,patient,-9.054111520900001
713,turns,motorcycle,easily,Something turns this motorcycle easily.,-6.379771,-0.0051464695,patient,patient,-6.3746245305
714,turns,valve,easily,Something turns this valve easily.,-2.833836,-0.23734902,patient,patient,-2.59648698
715,turns,handle,easily,Something turns this handle easily.,-0.39109892,-1.4898405,patient,agent,1.09874158
716,turns,driver,easily,Something turns this driver easily.,-1.3017032,-0.47391677,patient,patient,-0.82778643
717,turns,racer,easily,Something turns this racer easily.,-8.970392,-0.0017882625,patient,patient,-8.9686037375
718,turns,motorist,easily,Something turns this motorist easily.,-2.5907083,-0.11664644,patient,patient,-2.4740618600000004
719,turns,pilot,easily,Something turns this pilot easily.,-2.8100507,-0.09628862,patient,patient,-2.71376208
720,turns,screw,nicely,Something turns this screw nicely.,-3.9486585,-0.107674524,patient,patient,-3.840983976
721,turns,knob,nicely,Something turns this knob nicely.,-8.214075,-0.0037024214,patient,patient,-8.2103725786
722,turns,car,nicely,Something turns this car nicely.,-7.0593567,-0.013371089,patient,patient,-7.045985611000001
723,turns,bike,nicely,Something turns this bike nicely.,-10.508474,-0.000718446,patient,patient,-10.507755554
724,turns,motorcycle,nicely,Something turns this motorcycle nicely.,-7.7115903,-0.0024497863,patient,patient,-7.7091405137
725,turns,valve,nicely,Something turns this valve nicely.,-6.4597464,-0.026870154,patient,patient,-6.432876246
726,turns,handle,nicely,Something turns this handle nicely.,-6.0972543,-0.011235137,patient,patient,-6.0860191630000005
727,turns,driver,nicely,Something turns this driver nicely.,-4.6617217,-0.028180672,patient,patient,-4.633541028
728,turns,racer,nicely,Something turns this racer nicely.,-11.423112,-0.00072035525,patient,patient,-11.42239164475
729,turns,motorist,nicely,Something turns this motorist nicely.,-4.280146,-0.028397728,patient,patient,-4.251748272
730,turns,pilot,nicely,Something turns this pilot nicely.,-3.5927796,-0.047531765,patient,patient,-3.545247835
731,turns,screw,roughly,Something turns this screw roughly.,-0.14149652,-4.8247676,patient,agent,4.683271080000001
732,turns,knob,roughly,Something turns this knob roughly.,-0.936343,-0.61782146,patient,patient,-0.31852154
733,turns,car,roughly,Something turns this car roughly.,-1.3596596,-0.4521393,patient,patient,-0.9075203000000001
734,turns,bike,roughly,Something turns this bike roughly.,-4.1006413,-0.026163531,patient,patient,-4.0744777690000005
735,turns,motorcycle,roughly,Something turns this motorcycle roughly.,-3.2138567,-0.06509889,patient,patient,-3.14875781
736,turns,valve,roughly,Something turns this valve roughly.,-2.1538324,-0.30267724,patient,patient,-1.8511551600000002
737,turns,handle,roughly,Something turns this handle roughly.,-0.035776764,-4.6176257,patient,agent,4.581848935999999
738,turns,driver,roughly,Something turns this driver roughly.,-0.15813956,-3.7460186,patient,agent,3.5878790400000002
739,turns,racer,roughly,Something turns this racer roughly.,-6.493569,-0.007711364,patient,patient,-6.4858576359999995
740,turns,motorist,roughly,Something turns this motorist roughly.,-0.76808923,-0.8513469,patient,agent,0.08325767000000006
741,turns,pilot,roughly,Something turns this pilot roughly.,-0.89419526,-0.72831225,patient,patient,-0.16588301000000005
742,carves,pumpkin,beautifully,Something carves this pumpkin beautifully.,-14.593647,-0.0004266345,patient,patient,-14.5932203655
743,carves,wood,beautifully,Something carves this wood beautifully.,-5.2906117,-0.04185945,patient,patient,-5.248752250000001
744,carves,stone,beautifully,Something carves this stone beautifully.,-12.90924,-0.00051650096,patient,patient,-12.90872349904
745,carves,gem,beautifully,Something carves this gem beautifully.,-15.001939,-0.00066160323,patient,patient,-15.00127739677
746,carves,ice,beautifully,Something carves this ice beautifully.,-14.267644,-0.0009870146,patient,patient,-14.266656985400001
747,carves,steak,beautifully,Something carves this steak beautifully.,-10.501103,-0.0011739582,patient,patient,-10.4999290418
748,carves,turkey,beautifully,Something carves this turkey beautifully.,-15.380968,-0.00037195525,patient,patient,-15.38059604475
749,carves,sculptor,beautifully,Something carves this sculptor beautifully.,-5.648984,-0.050267205,patient,patient,-5.598716795
750,carves,person,beautifully,Something carves this person beautifully.,-9.28137,-0.0077591767,patient,patient,-9.2736108233
751,carves,jeweler,beautifully,Something carves this jeweler beautifully.,-5.7812133,-0.011362813,patient,patient,-5.769850487
752,carves,artisan,beautifully,Something carves this artisan beautifully.,-7.3297668,-0.024850827,patient,patient,-7.304915973
753,carves,carver,beautifully,Something carves this carver beautifully.,-11.002024,-0.0014308931,patient,patient,-11.0005931069
754,carves,pumpkin,nicely,Something carves this pumpkin nicely.,-13.239467,-0.00059641484,patient,patient,-13.238870585159999
755,carves,wood,nicely,Something carves this wood nicely.,-7.090203,-0.011644933,patient,patient,-7.0785580669999995
756,carves,stone,nicely,Something carves this stone nicely.,-11.736078,-0.00062897854,patient,patient,-11.73544902146
757,carves,gem,nicely,Something carves this gem nicely.,-14.146182,-0.0006935154,patient,patient,-14.1454884846
758,carves,ice,nicely,Something carves this ice nicely.,-13.397505,-0.0012252779,patient,patient,-13.396279722100001
759,carves,steak,nicely,Something carves this steak nicely.,-10.928808,-0.00082349137,patient,patient,-10.92798450863
760,carves,turkey,nicely,Something carves this turkey nicely.,-14.07443,-0.0005098215,patient,patient,-14.0739201785
761,carves,sculptor,nicely,Something carves this sculptor nicely.,-6.1233454,-0.04178425,patient,patient,-6.08156115
762,carves,person,nicely,Something carves this person nicely.,-8.579427,-0.007894687,patient,patient,-8.571532313
763,carves,jeweler,nicely,Something carves this jeweler nicely.,-5.1137123,-0.019405488,patient,patient,-5.094306812
764,carves,artisan,nicely,Something carves this artisan nicely.,-7.660548,-0.021607816,patient,patient,-7.638940184
765,carves,carver,nicely,Something carves this carver nicely.,-11.338555,-0.0015455042,patient,patient,-11.3370094958
766,carves,pumpkin,cleanly,Something carves this pumpkin cleanly.,-12.87261,-0.00082826347,patient,patient,-12.87178173653
767,carves,wood,cleanly,Something carves this wood cleanly.,-3.6641414,-0.12044152,patient,patient,-3.54369988
768,carves,stone,cleanly,Something carves this stone cleanly.,-9.737473,-0.0011885795,patient,patient,-9.736284420499999
769,carves,gem,cleanly,Something carves this gem cleanly.,-12.549708,-0.0017072372,patient,patient,-12.548000762800001
770,carves,ice,cleanly,Something carves this ice cleanly.,-11.008335,-0.00697961,patient,patient,-11.00135539
771,carves,steak,cleanly,Something carves this steak cleanly.,-9.834436,-0.0015020455,patient,patient,-9.8329339545
772,carves,turkey,cleanly,Something carves this turkey cleanly.,-11.48777,-0.0015413263,patient,patient,-11.4862286737
773,carves,sculptor,cleanly,Something carves this sculptor cleanly.,-4.7782016,-0.1339147,patient,patient,-4.6442869
774,carves,person,cleanly,Something carves this person cleanly.,-5.4924464,-0.01481646,patient,patient,-5.477629940000001
775,carves,jeweler,cleanly,Something carves this jeweler cleanly.,-2.687186,-0.11515791,patient,patient,-2.57202809
776,carves,artisan,cleanly,Something carves this artisan cleanly.,-4.877544,-0.027173828,patient,patient,-4.850370172000001
777,carves,carver,cleanly,Something carves this carver cleanly.,-7.9468975,-0.0061956076,patient,patient,-7.940701892400001
778,carves,pumpkin,flawlessly,Something carves this pumpkin flawlessly.,-13.970641,-0.00033665728,patient,patient,-13.97030434272
779,carves,wood,flawlessly,Something carves this wood flawlessly.,-4.1553087,-0.12791619,patient,patient,-4.02739251
780,carves,stone,flawlessly,Something carves this stone flawlessly.,-8.457162,-0.003460095,patient,patient,-8.453701905
781,carves,gem,flawlessly,Something carves this gem flawlessly.,-12.738777,-0.0016789362,patient,patient,-12.737098063800001
782,carves,ice,flawlessly,Something carves this ice flawlessly.,-12.497019,-0.008568014,patient,patient,-12.488450986
783,carves,steak,flawlessly,Something carves this steak flawlessly.,-9.127533,-0.0016910578,patient,patient,-9.1258419422
784,carves,turkey,flawlessly,Something carves this turkey flawlessly.,-12.971525,-0.00039258585,patient,patient,-12.97113241415
785,carves,sculptor,flawlessly,Something carves this sculptor flawlessly.,-5.260939,-0.13345219,patient,patient,-5.12748681
786,carves,person,flawlessly,Something carves this person flawlessly.,-6.80421,-0.011784063,patient,patient,-6.792425937
787,carves,jeweler,flawlessly,Something carves this jeweler flawlessly.,-5.3506384,-0.025457531,patient,patient,-5.325180869
788,carves,artisan,flawlessly,Something carves this artisan flawlessly.,-4.903195,-0.39013156,patient,patient,-4.51306344
789,carves,carver,flawlessly,Something carves this carver flawlessly.,-8.357997,-0.0053916024,patient,patient,-8.3526053976
790,sculpts,wood,beautifully,Something sculpts this wood beautifully.,-4.517629,-0.016618457,patient,patient,-4.5010105430000005
791,sculpts,stone,beautifully,Something sculpts this stone beautifully.,-10.657425,-0.00076544896,patient,patient,-10.65665955104
792,sculpts,marble,beautifully,Something sculpts this marble beautifully.,-8.817699,-0.0011786139,patient,patient,-8.816520386099999
793,sculpts,ice,beautifully,Something sculpts this ice beautifully.,-12.375707,-0.0006118003,patient,patient,-12.3750951997
794,sculpts,clay,beautifully,Something sculpts this clay beautifully.,-9.532306,-0.00076652376,patient,patient,-9.53153947624
795,sculpts,sculptor,beautifully,Something sculpts this sculptor beautifully.,-2.7444317,-0.22337005,patient,patient,-2.52106165
796,sculpts,person,beautifully,Something sculpts this person beautifully.,-7.3573117,-0.016742151,patient,patient,-7.3405695490000005
797,sculpts,potter,beautifully,Something sculpts this potter beautifully.,-10.651883,-0.0011469278,patient,patient,-10.650736072199999
798,sculpts,mason,beautifully,Something sculpts this mason beautifully.,-13.431994,-0.0006811084,patient,patient,-13.4313128916
799,sculpts,carver,beautifully,Something sculpts this carver beautifully.,-10.084662,-0.0007823898,patient,patient,-10.0838796102
800,sculpts,wood,nicely,Something sculpts this wood nicely.,-5.133269,-0.010041495,patient,patient,-5.123227505
801,sculpts,stone,nicely,Something sculpts this stone nicely.,-9.937789,-0.0009126782,patient,patient,-9.9368763218
802,sculpts,marble,nicely,Something sculpts this marble nicely.,-9.025113,-0.0012316054,patient,patient,-9.0238813946
803,sculpts,ice,nicely,Something sculpts this ice nicely.,-11.565003,-0.0007177308,patient,patient,-11.5642852692
804,sculpts,clay,nicely,Something sculpts this clay nicely.,-9.559526,-0.0008738406,patient,patient,-9.5586521594
805,sculpts,sculptor,nicely,Something sculpts this sculptor nicely.,-3.3499238,-0.16420758,patient,patient,-3.18571622
806,sculpts,person,nicely,Something sculpts this person nicely.,-6.4421215,-0.03185894,patient,patient,-6.41026256
807,sculpts,potter,nicely,Something sculpts this potter nicely.,-9.916873,-0.0014064788,patient,patient,-9.9154665212
808,sculpts,mason,nicely,Something sculpts this mason nicely.,-12.662525,-0.0008563592,patient,patient,-12.6616686408
809,sculpts,carver,nicely,Something sculpts this carver nicely.,-10.477999,-0.0009315301,patient,patient,-10.4770674699
810,sculpts,wood,cleanly,Something sculpts this wood cleanly.,-3.229877,-0.05808995,patient,patient,-3.1717870500000003
811,sculpts,stone,cleanly,Something sculpts this stone cleanly.,-8.093682,-0.0019715312,patient,patient,-8.091710468799999
812,sculpts,marble,cleanly,Something sculpts this marble cleanly.,-7.838881,-0.0022168446,patient,patient,-7.836664155399999
813,sculpts,ice,cleanly,Something sculpts this ice cleanly.,-10.430581,-0.0023253919,patient,patient,-10.4282556081
814,sculpts,clay,cleanly,Something sculpts this clay cleanly.,-8.577357,-0.001248854,patient,patient,-8.576108146
815,sculpts,sculptor,cleanly,Something sculpts this sculptor cleanly.,-2.2230945,-0.48199397,patient,patient,-1.7411005300000002
816,sculpts,person,cleanly,Something sculpts this person cleanly.,-4.6615257,-0.034467787,patient,patient,-4.627057913000001
817,sculpts,potter,cleanly,Something sculpts this potter cleanly.,-8.779208,-0.0020708572,patient,patient,-8.777137142800001
818,sculpts,mason,cleanly,Something sculpts this mason cleanly.,-10.125779,-0.00226344,patient,patient,-10.12351556
819,sculpts,carver,cleanly,Something sculpts this carver cleanly.,-7.717457,-0.003044371,patient,patient,-7.714412629
