id,verb,noun,adverb,sentence,LL_agent,LL_patient,semantic role,predicted,LL_delta,thresh_pred
0,sells,toy,easily,This toy sells easily.,-1.01953125,-0.456787109375,patient,patient,-0.562744140625,patient
1,sells,book,easily,This book sells easily.,-0.94140625,-0.50390625,patient,patient,-0.4375,patient
2,sells,novel,easily,This novel sells easily.,-0.74658203125,-0.65283203125,patient,patient,-0.09375,agent
3,sells,magazine,easily,This magazine sells easily.,-0.9990234375,-0.4677734375,patient,patient,-0.53125,patient
4,sells,hat,easily,This hat sells easily.,-0.98046875,-0.480224609375,patient,patient,-0.500244140625,patient
5,sells,lotion,easily,This lotion sells easily.,-0.86767578125,-0.55517578125,patient,patient,-0.3125,patient
6,sells,album,easily,This album sells easily.,-1.412109375,-0.286865234375,patient,patient,-1.125244140625,patient
7,sells,car,easily,This car sells easily.,-0.92236328125,-0.51611328125,patient,patient,-0.40625,patient
8,sells,suv,easily,This SUV sells easily.,-0.9794921875,-0.479736328125,patient,patient,-0.499755859375,patient
9,sells,product,easily,This product sells easily.,-0.98095703125,-0.480712890625,patient,patient,-0.500244140625,patient
10,sells,make,easily,This make sells easily.,-0.55615234375,-0.86865234375,patient,agent,0.3125,agent
11,sells,item,easily,This item sells easily.,-1.1650390625,-0.3837890625,patient,patient,-0.78125,patient
12,sells,cd,easily,This CD sells easily.,-1.0810546875,-0.424560546875,patient,patient,-0.656494140625,patient
13,sells,drug,easily,This drug sells easily.,-0.97998046875,-0.480224609375,patient,patient,-0.499755859375,patient
14,sells,snack,easily,This snack sells easily.,-1.1005859375,-0.4130859375,patient,patient,-0.6875,patient
15,sells,salesman,easily,This salesman sells easily.,-0.41162109375,-1.0986328125,agent,agent,0.68701171875,agent
16,sells,saleswoman,easily,This saleswoman sells easily.,-0.41162109375,-1.0986328125,agent,agent,0.68701171875,agent
17,sells,businessman,easily,This businessman sells easily.,-0.623046875,-0.779296875,agent,agent,0.15625,agent
18,sells,businesswoman,easily,This businesswoman sells easily.,-0.50341796875,-0.94091796875,agent,agent,0.4375,agent
19,sells,trader,easily,This trader sells easily.,-0.59375,-0.8125,agent,agent,0.21875,agent
20,sells,peddler,easily,This peddler sells easily.,-0.72998046875,-0.66748046875,agent,patient,-0.0625,agent
21,sells,telemarketer,easily,This telemarketer sells easily.,-0.51513671875,-0.92138671875,agent,agent,0.40625,agent
22,sells,dealer,easily,This dealer sells easily.,-0.501953125,-0.939453125,agent,agent,0.4375,agent
23,sells,shopkeeper,easily,This shopkeeper sells easily.,-0.58154296875,-0.83154296875,agent,agent,0.25,agent
24,sells,toy,well,This toy sells well.,-0.96044921875,-0.491943359375,patient,patient,-0.468505859375,patient
25,sells,book,well,This book sells well.,-0.88525390625,-0.54150390625,patient,patient,-0.34375,patient
26,sells,novel,well,This novel sells well.,-0.69873046875,-0.69873046875,patient,agent,0.0,agent
27,sells,magazine,well,This magazine sells well.,-0.94091796875,-0.50341796875,patient,patient,-0.4375,patient
28,sells,hat,well,This hat sells well.,-0.92333984375,-0.51708984375,patient,patient,-0.40625,patient
29,sells,lotion,well,This lotion sells well.,-0.83203125,-0.58203125,patient,patient,-0.25,patient
30,sells,album,well,This album sells well.,-1.341796875,-0.310791015625,patient,patient,-1.031005859375,patient
31,sells,car,well,This car sells well.,-0.849609375,-0.568359375,patient,patient,-0.28125,patient
32,sells,suv,well,This SUV sells well.,-0.90380859375,-0.52880859375,patient,patient,-0.375,patient
33,sells,product,well,This product sells well.,-0.92333984375,-0.51708984375,patient,patient,-0.40625,patient
34,sells,make,well,This make sells well.,-0.492919921875,-0.9619140625,patient,agent,0.468994140625,agent
35,sells,item,well,This item sells well.,-1.0810546875,-0.425048828125,patient,patient,-0.656005859375,patient
36,sells,cd,well,This CD sells well.,-1.0205078125,-0.457763671875,patient,patient,-0.562744140625,patient
37,sells,drug,well,This drug sells well.,-0.9228515625,-0.5166015625,patient,patient,-0.40625,patient
38,sells,snack,well,This snack sells well.,-0.99951171875,-0.46826171875,patient,patient,-0.53125,patient
39,sells,salesman,well,This salesman sells well.,-0.39111328125,-1.1416015625,agent,agent,0.75048828125,agent
40,sells,saleswoman,well,This saleswoman sells well.,-0.401123046875,-1.1201171875,agent,agent,0.718994140625,agent
41,sells,businessman,well,This businessman sells well.,-0.58056640625,-0.83056640625,agent,agent,0.25,agent
42,sells,businesswoman,well,This businesswoman sells well.,-0.50341796875,-0.94091796875,agent,agent,0.4375,agent
43,sells,trader,well,This trader sells well.,-0.55322265625,-0.86572265625,agent,agent,0.3125,agent
44,sells,peddler,well,This peddler sells well.,-0.6982421875,-0.6982421875,agent,agent,0.0,agent
45,sells,telemarketer,well,This telemarketer sells well.,-0.490966796875,-0.95947265625,agent,agent,0.468505859375,agent
46,sells,dealer,well,This dealer sells well.,-0.466552734375,-0.99755859375,agent,agent,0.531005859375,agent
47,sells,shopkeeper,well,This shopkeeper sells well.,-0.5546875,-0.8671875,agent,agent,0.3125,agent
48,sells,toy,quickly,This toy sells quickly.,-0.94140625,-0.50390625,patient,patient,-0.4375,patient
49,sells,book,quickly,This book sells quickly.,-0.84912109375,-0.56787109375,patient,patient,-0.28125,patient
50,sells,novel,quickly,This novel sells quickly.,-0.69873046875,-0.69873046875,patient,agent,0.0,agent
51,sells,magazine,quickly,This magazine sells quickly.,-0.921875,-0.515625,patient,patient,-0.40625,patient
52,sells,hat,quickly,This hat sells quickly.,-0.904296875,-0.529296875,patient,patient,-0.375,patient
53,sells,lotion,quickly,This lotion sells quickly.,-0.814453125,-0.595703125,patient,patient,-0.21875,patient
54,sells,album,quickly,This album sells quickly.,-1.2734375,-0.336181640625,patient,patient,-0.937255859375,patient
55,sells,car,quickly,This car sells quickly.,-0.81396484375,-0.59521484375,patient,patient,-0.21875,patient
56,sells,suv,quickly,This SUV sells quickly.,-0.90380859375,-0.52880859375,patient,patient,-0.375,patient
57,sells,product,quickly,This product sells quickly.,-0.90478515625,-0.52978515625,patient,patient,-0.375,patient
58,sells,make,quickly,This make sells quickly.,-0.480712890625,-0.98095703125,patient,agent,0.500244140625,agent
59,sells,item,quickly,This item sells quickly.,-1.060546875,-0.435791015625,patient,patient,-0.624755859375,patient
60,sells,cd,quickly,This CD sells quickly.,-1.0,-0.468994140625,patient,patient,-0.531005859375,patient
61,sells,drug,quickly,This drug sells quickly.,-0.8857421875,-0.5419921875,patient,patient,-0.34375,patient
62,sells,snack,quickly,This snack sells quickly.,-0.99951171875,-0.468017578125,patient,patient,-0.531494140625,patient
63,sells,salesman,quickly,This salesman sells quickly.,-0.381103515625,-1.162109375,agent,agent,0.781005859375,agent
64,sells,saleswoman,quickly,This saleswoman sells quickly.,-0.381103515625,-1.162109375,agent,agent,0.781005859375,agent
65,sells,businessman,quickly,This businessman sells quickly.,-0.5537109375,-0.8662109375,agent,agent,0.3125,agent
66,sells,businesswoman,quickly,This businesswoman sells quickly.,-0.4677734375,-0.9990234375,agent,agent,0.53125,agent
67,sells,trader,quickly,This trader sells quickly.,-0.5400390625,-0.8837890625,agent,agent,0.34375,agent
68,sells,peddler,quickly,This peddler sells quickly.,-0.66748046875,-0.72998046875,agent,agent,0.0625,agent
69,sells,telemarketer,quickly,This telemarketer sells quickly.,-0.5029296875,-0.9404296875,agent,agent,0.4375,agent
70,sells,dealer,quickly,This dealer sells quickly.,-0.46630859375,-0.99755859375,agent,agent,0.53125,agent
71,sells,shopkeeper,quickly,This shopkeeper sells quickly.,-0.54150390625,-0.88525390625,agent,agent,0.34375,agent
72,drives,car,nicely,This car drives nicely.,-0.90380859375,-0.52880859375,patient,patient,-0.375,patient
73,drives,suv,nicely,This SUV drives nicely.,-0.96044921875,-0.491943359375,patient,patient,-0.468505859375,patient
74,drives,truck,nicely,This truck drives nicely.,-1.0,-0.46875,patient,patient,-0.53125,patient
75,drives,convertible,nicely,This convertible drives nicely.,-0.55615234375,-0.86865234375,patient,agent,0.3125,agent
76,drives,vehicle,nicely,This vehicle drives nicely.,-1.142578125,-0.392578125,patient,patient,-0.75,patient
77,drives,tank,nicely,This tank drives nicely.,-1.0595703125,-0.434814453125,patient,patient,-0.624755859375,patient
78,drives,bus,nicely,This bus drives nicely.,-0.7470703125,-0.6533203125,patient,patient,-0.09375,agent
79,drives,tractor,nicely,This tractor drives nicely.,-0.81396484375,-0.59521484375,patient,patient,-0.21875,patient
80,drives,van,nicely,This van drives nicely.,-0.9033203125,-0.5283203125,patient,patient,-0.375,patient
81,drives,driver,nicely,This driver drives nicely.,-0.5947265625,-0.8134765625,agent,agent,0.21875,agent
82,drives,person,nicely,This person drives nicely.,-0.81591796875,-0.59716796875,agent,patient,-0.21875,patient
83,drives,chauffeur,nicely,This chauffeur drives nicely.,-0.478759765625,-0.978515625,agent,agent,0.499755859375,agent
84,drives,car,smoothly,This car drives smoothly.,-0.9033203125,-0.5283203125,patient,patient,-0.375,patient
85,drives,suv,smoothly,This SUV drives smoothly.,-0.94091796875,-0.50341796875,patient,patient,-0.4375,patient
86,drives,truck,smoothly,This truck drives smoothly.,-0.99951171875,-0.46826171875,patient,patient,-0.53125,patient
87,drives,convertible,smoothly,This convertible drives smoothly.,-0.5556640625,-0.8681640625,patient,agent,0.3125,agent
88,drives,vehicle,smoothly,This vehicle drives smoothly.,-1.099609375,-0.41259765625,patient,patient,-0.68701171875,patient
89,drives,tank,smoothly,This tank drives smoothly.,-1.0595703125,-0.434326171875,patient,patient,-0.625244140625,patient
90,drives,bus,smoothly,This bus drives smoothly.,-0.71435546875,-0.68310546875,patient,patient,-0.03125,agent
91,drives,tractor,smoothly,This tractor drives smoothly.,-0.79638671875,-0.60888671875,patient,patient,-0.1875,agent
92,drives,van,smoothly,This van drives smoothly.,-0.90283203125,-0.52783203125,patient,patient,-0.375,patient
93,drives,driver,smoothly,This driver drives smoothly.,-0.58056640625,-0.83056640625,agent,agent,0.25,agent
94,drives,person,smoothly,This person drives smoothly.,-0.8154296875,-0.5966796875,agent,patient,-0.21875,patient
95,drives,chauffeur,smoothly,This chauffeur drives smoothly.,-0.455322265625,-1.017578125,agent,agent,0.562255859375,agent
96,drives,car,well,This car drives well.,-0.92236328125,-0.51611328125,patient,patient,-0.40625,patient
97,drives,suv,well,This SUV drives well.,-0.96044921875,-0.49169921875,patient,patient,-0.46875,patient
98,drives,truck,well,This truck drives well.,-1.0390625,-0.44580078125,patient,patient,-0.59326171875,patient
99,drives,convertible,well,This convertible drives well.,-0.52978515625,-0.90478515625,patient,agent,0.375,agent
100,drives,vehicle,well,This vehicle drives well.,-1.1630859375,-0.38232421875,patient,patient,-0.78076171875,patient
101,drives,tank,well,This tank drives well.,-1.0390625,-0.445556640625,patient,patient,-0.593505859375,patient
102,drives,bus,well,This bus drives well.,-0.73046875,-0.66796875,patient,patient,-0.0625,agent
103,drives,tractor,well,This tractor drives well.,-0.81396484375,-0.59521484375,patient,patient,-0.21875,patient
104,drives,van,well,This van drives well.,-0.884765625,-0.541015625,patient,patient,-0.34375,patient
105,drives,driver,well,This driver drives well.,-0.59423828125,-0.81298828125,agent,agent,0.21875,agent
106,drives,person,well,This person drives well.,-0.8154296875,-0.5966796875,agent,patient,-0.21875,patient
107,drives,chauffeur,well,This chauffeur drives well.,-0.466796875,-0.998046875,agent,agent,0.53125,agent
108,flies,plane,nicely,This plane flies nicely.,-1.1865234375,-0.37451171875,patient,patient,-0.81201171875,patient
109,flies,kite,nicely,This kite flies nicely.,-0.8505859375,-0.5693359375,patient,patient,-0.28125,patient
110,flies,jet,nicely,This jet flies nicely.,-0.81591796875,-0.59716796875,patient,patient,-0.21875,patient
111,flies,aircraft,nicely,This aircraft flies nicely.,-0.9228515625,-0.5166015625,patient,patient,-0.40625,patient
112,flies,pilot,nicely,This pilot flies nicely.,-0.65283203125,-0.74658203125,agent,agent,0.09375,agent
113,flies,person,nicely,This person flies nicely.,-0.86962890625,-0.55712890625,agent,patient,-0.3125,patient
114,flies,aviator,nicely,This aviator flies nicely.,-0.49169921875,-0.96044921875,agent,agent,0.46875,agent
115,flies,captain,nicely,This captain flies nicely.,-0.5419921875,-0.8857421875,agent,agent,0.34375,agent
116,flies,plane,smoothly,This plane flies smoothly.,-1.1650390625,-0.3837890625,patient,patient,-0.78125,patient
117,flies,kite,smoothly,This kite flies smoothly.,-0.81494140625,-0.59619140625,patient,patient,-0.21875,patient
118,flies,jet,smoothly,This jet flies smoothly.,-0.8154296875,-0.5966796875,patient,patient,-0.21875,patient
119,flies,aircraft,smoothly,This aircraft flies smoothly.,-0.94140625,-0.50390625,patient,patient,-0.4375,patient
120,flies,pilot,smoothly,This pilot flies smoothly.,-0.623046875,-0.779296875,agent,agent,0.15625,agent
121,flies,person,smoothly,This person flies smoothly.,-0.869140625,-0.556640625,agent,patient,-0.3125,patient
122,flies,aviator,smoothly,This aviator flies smoothly.,-0.456298828125,-1.0185546875,agent,agent,0.562255859375,agent
123,flies,captain,smoothly,This captain flies smoothly.,-0.51611328125,-0.92236328125,agent,agent,0.40625,agent
124,flies,plane,well,This plane flies well.,-1.1650390625,-0.384033203125,patient,patient,-0.781005859375,patient
125,flies,kite,well,This kite flies well.,-0.8505859375,-0.5693359375,patient,patient,-0.28125,patient
126,flies,jet,well,This jet flies well.,-0.8154296875,-0.5966796875,patient,patient,-0.21875,patient
127,flies,aircraft,well,This aircraft flies well.,-0.9609375,-0.491943359375,patient,patient,-0.468994140625,patient
128,flies,pilot,well,This pilot flies well.,-0.66748046875,-0.72998046875,agent,agent,0.0625,agent
129,flies,person,well,This person flies well.,-0.869140625,-0.556640625,agent,patient,-0.3125,patient
130,flies,aviator,well,This aviator flies well.,-0.467529296875,-0.9990234375,agent,agent,0.531494140625,agent
131,flies,captain,well,This captain flies well.,-0.52880859375,-0.90380859375,agent,agent,0.375,agent
132,cooks,mushroom,nicely,This mushroom cooks nicely.,-1.2529296875,-0.34619140625,patient,patient,-0.90673828125,patient
133,cooks,pepper,nicely,This pepper cooks nicely.,-1.23046875,-0.355712890625,patient,patient,-0.874755859375,patient
134,cooks,fish,nicely,This fish cooks nicely.,-1.1220703125,-0.403564453125,patient,patient,-0.718505859375,patient
135,cooks,salmon,nicely,This salmon cooks nicely.,-1.1865234375,-0.374267578125,patient,patient,-0.812255859375,patient
136,cooks,tuna,nicely,This tuna cooks nicely.,-1.1640625,-0.383056640625,patient,patient,-0.781005859375,patient
137,cooks,fillet,nicely,This fillet cooks nicely.,-1.0419921875,-0.44775390625,patient,patient,-0.59423828125,patient
138,cooks,vegetable,nicely,This vegetable cooks nicely.,-1.2744140625,-0.3369140625,patient,patient,-0.9375,patient
139,cooks,herb,nicely,This herb cooks nicely.,-1.0595703125,-0.434326171875,patient,patient,-0.625244140625,patient
140,cooks,meat,nicely,This meat cooks nicely.,-1.1015625,-0.414306640625,patient,patient,-0.687255859375,patient
141,cooks,ingredient,nicely,This ingredient cooks nicely.,-0.85009765625,-0.56884765625,patient,patient,-0.28125,patient
142,cooks,steak,nicely,This steak cooks nicely.,-1.0,-0.46923828125,patient,patient,-0.53076171875,patient
143,cooks,chef,nicely,This chef cooks nicely.,-0.5947265625,-0.8134765625,agent,agent,0.21875,agent
144,cooks,cook,nicely,This cook cooks nicely.,-0.66748046875,-0.72998046875,agent,agent,0.0625,agent
145,cooks,baker,nicely,This baker cooks nicely.,-0.5673828125,-0.8486328125,agent,agent,0.28125,agent
146,cooks,caterer,nicely,This caterer cooks nicely.,-0.65283203125,-0.74658203125,agent,agent,0.09375,agent
147,cooks,mushroom,well,This mushroom cooks well.,-1.251953125,-0.345947265625,patient,patient,-0.906005859375,patient
148,cooks,pepper,well,This pepper cooks well.,-1.208984375,-0.36474609375,patient,patient,-0.84423828125,patient
149,cooks,fish,well,This fish cooks well.,-1.1015625,-0.4140625,patient,patient,-0.6875,patient
150,cooks,salmon,well,This salmon cooks well.,-1.1865234375,-0.374267578125,patient,patient,-0.812255859375,patient
151,cooks,tuna,well,This tuna cooks well.,-1.1640625,-0.382568359375,patient,patient,-0.781494140625,patient
152,cooks,fillet,well,This fillet cooks well.,-1.021484375,-0.458984375,patient,patient,-0.5625,patient
153,cooks,vegetable,well,This vegetable cooks well.,-1.2744140625,-0.336669921875,patient,patient,-0.937744140625,patient
154,cooks,herb,well,This herb cooks well.,-1.0390625,-0.445068359375,patient,patient,-0.593994140625,patient
155,cooks,meat,well,This meat cooks well.,-1.1015625,-0.414306640625,patient,patient,-0.687255859375,patient
156,cooks,ingredient,well,This ingredient cooks well.,-0.83203125,-0.58203125,patient,patient,-0.25,patient
157,cooks,steak,well,This steak cooks well.,-1.0,-0.46923828125,patient,patient,-0.53076171875,patient
158,cooks,chef,well,This chef cooks well.,-0.59423828125,-0.81298828125,agent,agent,0.21875,agent
159,cooks,cook,well,This cook cooks well.,-0.65234375,-0.74609375,agent,agent,0.09375,agent
160,cooks,baker,well,This baker cooks well.,-0.5537109375,-0.8662109375,agent,agent,0.3125,agent
161,cooks,caterer,well,This caterer cooks well.,-0.63818359375,-0.76318359375,agent,agent,0.125,agent
162,cooks,mushroom,terribly,This mushroom cooks terribly.,-1.3662109375,-0.303466796875,patient,patient,-1.062744140625,patient
163,cooks,pepper,terribly,This pepper cooks terribly.,-1.34375,-0.31201171875,patient,patient,-1.03173828125,patient
164,cooks,fish,terribly,This fish cooks terribly.,-1.2294921875,-0.354736328125,patient,patient,-0.874755859375,patient
165,cooks,salmon,terribly,This salmon cooks terribly.,-1.3203125,-0.320068359375,patient,patient,-1.000244140625,patient
166,cooks,tuna,terribly,This tuna cooks terribly.,-1.3193359375,-0.319091796875,patient,patient,-1.000244140625,patient
167,cooks,fillet,terribly,This fillet cooks terribly.,-1.14453125,-0.394775390625,patient,patient,-0.749755859375,patient
168,cooks,vegetable,terribly,This vegetable cooks terribly.,-1.4599609375,-0.2724609375,patient,patient,-1.1875,patient
169,cooks,herb,terribly,This herb cooks terribly.,-1.1640625,-0.38232421875,patient,patient,-0.78173828125,patient
170,cooks,meat,terribly,This meat cooks terribly.,-1.1865234375,-0.3740234375,patient,patient,-0.8125,patient
171,cooks,ingredient,terribly,This ingredient cooks terribly.,-1.0,-0.468505859375,patient,patient,-0.531494140625,patient
172,cooks,steak,terribly,This steak cooks terribly.,-1.1015625,-0.413818359375,patient,patient,-0.687744140625,patient
173,cooks,chef,terribly,This chef cooks terribly.,-0.71337890625,-0.68212890625,agent,patient,-0.03125,agent
174,cooks,cook,terribly,This cook cooks terribly.,-0.79638671875,-0.60888671875,agent,patient,-0.1875,agent
175,cooks,baker,terribly,This baker cooks terribly.,-0.63720703125,-0.76220703125,agent,agent,0.125,agent
176,cooks,caterer,terribly,This caterer cooks terribly.,-0.74658203125,-0.65283203125,agent,patient,-0.09375,agent
177,bakes,pizza,nicely,This pizza bakes nicely.,-1.1015625,-0.41357421875,patient,patient,-0.68798828125,patient
178,bakes,potato,nicely,This potato bakes nicely.,-1.2294921875,-0.354248046875,patient,patient,-0.875244140625,patient
179,bakes,bread,nicely,This bread bakes nicely.,-0.8857421875,-0.5419921875,patient,patient,-0.34375,patient
180,bakes,cake,nicely,This cake bakes nicely.,-1.080078125,-0.423828125,patient,patient,-0.65625,patient
181,bakes,pastry,nicely,This pastry bakes nicely.,-1.0,-0.46875,patient,patient,-0.53125,patient
182,bakes,dough,nicely,This dough bakes nicely.,-0.9609375,-0.4921875,patient,patient,-0.46875,patient
183,bakes,pie,nicely,This pie bakes nicely.,-1.1640625,-0.382568359375,patient,patient,-0.781494140625,patient
184,bakes,clay,nicely,This clay bakes nicely.,-1.1650390625,-0.38330078125,patient,patient,-0.78173828125,patient
185,bakes,patissier,nicely,This patissier bakes nicely.,-0.54052734375,-0.88427734375,agent,agent,0.34375,agent
186,bakes,chef,nicely,This chef bakes nicely.,-0.54052734375,-0.88427734375,agent,agent,0.34375,agent
187,bakes,cook,nicely,This cook bakes nicely.,-0.6083984375,-0.7958984375,agent,agent,0.1875,agent
188,bakes,baker,nicely,This baker bakes nicely.,-0.50244140625,-0.93994140625,agent,agent,0.4375,agent
189,bakes,person,nicely,This person bakes nicely.,-0.86865234375,-0.55615234375,agent,patient,-0.3125,patient
190,bakes,confectioner,nicely,This confectioner bakes nicely.,-0.59521484375,-0.81396484375,agent,agent,0.21875,agent
191,bakes,pizza,terribly,This pizza bakes terribly.,-1.2080078125,-0.36376953125,patient,patient,-0.84423828125,patient
192,bakes,potato,terribly,This potato bakes terribly.,-1.365234375,-0.302734375,patient,patient,-1.0625,patient
193,bakes,bread,terribly,This bread bakes terribly.,-0.97998046875,-0.47998046875,patient,patient,-0.5,patient
194,bakes,cake,terribly,This cake bakes terribly.,-1.1640625,-0.3828125,patient,patient,-0.78125,patient
195,bakes,pastry,terribly,This pastry bakes terribly.,-1.1005859375,-0.41357421875,patient,patient,-0.68701171875,patient
196,bakes,dough,terribly,This dough bakes terribly.,-1.080078125,-0.424072265625,patient,patient,-0.656005859375,patient
197,bakes,pie,terribly,This pie bakes terribly.,-1.3193359375,-0.31884765625,patient,patient,-1.00048828125,patient
198,bakes,clay,terribly,This clay bakes terribly.,-1.296875,-0.328125,patient,patient,-0.96875,patient
199,bakes,patissier,terribly,This patissier bakes terribly.,-0.623046875,-0.779296875,agent,agent,0.15625,agent
200,bakes,chef,terribly,This chef bakes terribly.,-0.62255859375,-0.77880859375,agent,agent,0.15625,agent
201,bakes,cook,terribly,This cook bakes terribly.,-0.7294921875,-0.6669921875,agent,patient,-0.0625,agent
202,bakes,baker,terribly,This baker bakes terribly.,-0.56689453125,-0.84814453125,agent,agent,0.28125,agent
203,bakes,person,terribly,This person bakes terribly.,-0.98095703125,-0.481201171875,agent,patient,-0.499755859375,patient
204,bakes,confectioner,terribly,This confectioner bakes terribly.,-0.68310546875,-0.71435546875,agent,agent,0.03125,agent
205,bakes,pizza,well,This pizza bakes well.,-1.080078125,-0.423828125,patient,patient,-0.65625,patient
206,bakes,potato,well,This potato bakes well.,-1.2294921875,-0.35400390625,patient,patient,-0.87548828125,patient
207,bakes,bread,well,This bread bakes well.,-0.88525390625,-0.54150390625,patient,patient,-0.34375,patient
208,bakes,cake,well,This cake bakes well.,-1.0595703125,-0.4345703125,patient,patient,-0.625,patient
209,bakes,pastry,well,This pastry bakes well.,-0.97998046875,-0.480224609375,patient,patient,-0.499755859375,patient
210,bakes,dough,well,This dough bakes well.,-0.94140625,-0.50390625,patient,patient,-0.4375,patient
211,bakes,pie,well,This pie bakes well.,-1.1640625,-0.38232421875,patient,patient,-0.78173828125,patient
212,bakes,clay,well,This clay bakes well.,-1.1640625,-0.383056640625,patient,patient,-0.781005859375,patient
213,bakes,patissier,well,This patissier bakes well.,-0.51513671875,-0.92138671875,agent,agent,0.40625,agent
214,bakes,chef,well,This chef bakes well.,-0.52734375,-0.90234375,agent,agent,0.375,agent
215,bakes,cook,well,This cook bakes well.,-0.6083984375,-0.7958984375,agent,agent,0.1875,agent
216,bakes,baker,well,This baker bakes well.,-0.490234375,-0.958984375,agent,agent,0.46875,agent
217,bakes,person,well,This person bakes well.,-0.8505859375,-0.5693359375,agent,patient,-0.28125,patient
218,bakes,confectioner,well,This confectioner bakes well.,-0.5810546875,-0.8310546875,agent,agent,0.25,agent
219,reads,passage,nicely,This passage reads nicely.,-0.8515625,-0.5703125,patient,patient,-0.28125,patient
220,reads,poem,nicely,This poem reads nicely.,-1.0810546875,-0.42431640625,patient,patient,-0.65673828125,patient
221,reads,verse,nicely,This verse reads nicely.,-0.8505859375,-0.5693359375,patient,patient,-0.28125,patient
222,reads,line,nicely,This line reads nicely.,-0.79833984375,-0.61083984375,patient,patient,-0.1875,agent
223,reads,passage,nicely,This passage reads nicely.,-0.8515625,-0.5703125,patient,patient,-0.28125,patient
224,reads,script,nicely,This script reads nicely.,-0.763671875,-0.638671875,patient,patient,-0.125,agent
225,reads,abstract,nicely,This abstract reads nicely.,-0.59765625,-0.81640625,patient,agent,0.21875,agent
226,reads,essay,nicely,This essay reads nicely.,-0.71533203125,-0.68408203125,patient,patient,-0.03125,agent
227,reads,letter,nicely,This letter reads nicely.,-0.904296875,-0.529296875,patient,patient,-0.375,patient
228,reads,report,nicely,This report reads nicely.,-0.69873046875,-0.69873046875,patient,agent,0.0,agent
229,reads,student,nicely,This student reads nicely.,-0.69873046875,-0.69873046875,agent,agent,0.0,agent
230,reads,orator,nicely,This orator reads nicely.,-0.423828125,-1.080078125,agent,agent,0.65625,agent
231,reads,person,nicely,This person reads nicely.,-0.8330078125,-0.5830078125,agent,patient,-0.25,patient
232,reads,narrator,nicely,This narrator reads nicely.,-0.4345703125,-1.0595703125,agent,agent,0.625,agent
233,reads,announcer,nicely,This announcer reads nicely.,-0.5283203125,-0.9033203125,agent,agent,0.375,agent
234,reads,broadcaster,nicely,This broadcaster reads nicely.,-0.480224609375,-0.98046875,agent,agent,0.500244140625,agent
235,reads,teacher,nicely,This teacher reads nicely.,-0.478515625,-0.978515625,agent,agent,0.5,agent
236,reads,passage,well,This passage reads well.,-0.81591796875,-0.59716796875,patient,patient,-0.21875,patient
237,reads,poem,well,This poem reads well.,-1.0400390625,-0.44580078125,patient,patient,-0.59423828125,patient
238,reads,verse,well,This verse reads well.,-0.7978515625,-0.6103515625,patient,patient,-0.1875,agent
239,reads,line,well,This line reads well.,-0.76416015625,-0.63916015625,patient,patient,-0.125,agent
240,reads,passage,well,This passage reads well.,-0.81591796875,-0.59716796875,patient,patient,-0.21875,patient
241,reads,script,well,This script reads well.,-0.7470703125,-0.6533203125,patient,patient,-0.09375,agent
242,reads,abstract,well,This abstract reads well.,-0.556640625,-0.869140625,patient,agent,0.3125,agent
243,reads,essay,well,This essay reads well.,-0.68359375,-0.71484375,patient,agent,0.03125,agent
244,reads,letter,well,This letter reads well.,-0.8857421875,-0.5419921875,patient,patient,-0.34375,patient
245,reads,report,well,This report reads well.,-0.68310546875,-0.71435546875,patient,agent,0.03125,agent
246,reads,student,well,This student reads well.,-0.68310546875,-0.71435546875,agent,agent,0.03125,agent
247,reads,orator,well,This orator reads well.,-0.402587890625,-1.12109375,agent,agent,0.718505859375,agent
248,reads,person,well,This person reads well.,-0.7978515625,-0.6103515625,agent,patient,-0.1875,agent
249,reads,narrator,well,This narrator reads well.,-0.392333984375,-1.142578125,agent,agent,0.750244140625,agent
250,reads,announcer,well,This announcer reads well.,-0.49072265625,-0.95947265625,agent,agent,0.46875,agent
251,reads,broadcaster,well,This broadcaster reads well.,-0.456787109375,-1.01953125,agent,agent,0.562744140625,agent
252,reads,teacher,well,This teacher reads well.,-0.478271484375,-0.97802734375,agent,agent,0.499755859375,agent
253,paints,wall,easily,This wall paints easily.,-1.3662109375,-0.303955078125,patient,patient,-1.062255859375,patient
254,paints,fabric,easily,This fabric paints easily.,-1.2978515625,-0.328857421875,patient,patient,-0.968994140625,patient
255,paints,glass,easily,This glass paints easily.,-1.34375,-0.312255859375,patient,patient,-1.031494140625,patient
256,paints,canvas,easily,This canvas paints easily.,-1.23046875,-0.35498046875,patient,patient,-0.87548828125,patient
257,paints,wood,easily,This wood paints easily.,-1.2744140625,-0.3369140625,patient,patient,-0.9375,patient
258,paints,surface,easily,This surface paints easily.,-1.0830078125,-0.426513671875,patient,patient,-0.656494140625,patient
259,paints,panel,easily,This panel paints easily.,-1.296875,-0.328125,patient,patient,-0.96875,patient
260,paints,painter,easily,This painter paints easily.,-0.60791015625,-0.79541015625,agent,agent,0.1875,agent
261,paints,artist,easily,This artist paints easily.,-0.50244140625,-0.93994140625,agent,agent,0.4375,agent
262,paints,person,easily,This person paints easily.,-0.98095703125,-0.48095703125,agent,patient,-0.5,patient
263,paints,illustrator,easily,This illustrator paints easily.,-0.65283203125,-0.74658203125,agent,agent,0.09375,agent
264,paints,portraitist,easily,This portraitist paints easily.,-0.47900390625,-0.97900390625,agent,agent,0.5,agent
265,paints,wall,terribly,This wall paints terribly.,-1.34375,-0.3125,patient,patient,-1.03125,patient
266,paints,fabric,terribly,This fabric paints terribly.,-1.2978515625,-0.3291015625,patient,patient,-0.96875,patient
267,paints,glass,terribly,This glass paints terribly.,-1.3671875,-0.304443359375,patient,patient,-1.062744140625,patient
268,paints,canvas,terribly,This canvas paints terribly.,-1.3203125,-0.320068359375,patient,patient,-1.000244140625,patient
269,paints,wood,terribly,This wood paints terribly.,-1.3203125,-0.31982421875,patient,patient,-1.00048828125,patient
270,paints,surface,terribly,This surface paints terribly.,-1.103515625,-0.416015625,patient,patient,-0.6875,patient
271,paints,panel,terribly,This panel paints terribly.,-1.3203125,-0.31982421875,patient,patient,-1.00048828125,patient
272,paints,painter,terribly,This painter paints terribly.,-0.69775390625,-0.69775390625,agent,agent,0.0,agent
273,paints,artist,terribly,This artist paints terribly.,-0.58056640625,-0.83056640625,agent,agent,0.25,agent
274,paints,person,terribly,This person paints terribly.,-1.0009765625,-0.46923828125,agent,patient,-0.53173828125,patient
275,paints,illustrator,terribly,This illustrator paints terribly.,-0.69873046875,-0.69873046875,agent,agent,0.0,agent
276,paints,portraitist,terribly,This portraitist paints terribly.,-0.55419921875,-0.86669921875,agent,agent,0.3125,agent
277,paints,wall,well,This wall paints well.,-1.2529296875,-0.346923828125,patient,patient,-0.906005859375,patient
278,paints,fabric,well,This fabric paints well.,-1.1875,-0.37451171875,patient,patient,-0.81298828125,patient
279,paints,glass,well,This glass paints well.,-1.275390625,-0.337890625,patient,patient,-0.9375,patient
280,paints,canvas,well,This canvas paints well.,-1.1650390625,-0.3837890625,patient,patient,-0.78125,patient
281,paints,wood,well,This wood paints well.,-1.1865234375,-0.373779296875,patient,patient,-0.812744140625,patient
282,paints,surface,well,This surface paints well.,-0.96337890625,-0.494873046875,patient,patient,-0.468505859375,patient
283,paints,panel,well,This panel paints well.,-1.1865234375,-0.3740234375,patient,patient,-0.8125,patient
284,paints,painter,well,This painter paints well.,-0.56689453125,-0.84814453125,agent,agent,0.28125,agent
285,paints,artist,well,This artist paints well.,-0.490478515625,-0.958984375,agent,agent,0.468505859375,agent
286,paints,person,well,This person paints well.,-0.88671875,-0.54296875,agent,patient,-0.34375,patient
287,paints,illustrator,well,This illustrator paints well.,-0.58154296875,-0.83154296875,agent,agent,0.25,agent
288,paints,portraitist,well,This portraitist paints well.,-0.4560546875,-1.0185546875,agent,agent,0.5625,agent
289,paints,wall,beautifully,This wall paints beautifully.,-1.298828125,-0.329833984375,patient,patient,-0.968994140625,patient
290,paints,fabric,beautifully,This fabric paints beautifully.,-1.275390625,-0.338134765625,patient,patient,-0.937255859375,patient
291,paints,glass,beautifully,This glass paints beautifully.,-1.3447265625,-0.31298828125,patient,patient,-1.03173828125,patient
292,paints,canvas,beautifully,This canvas paints beautifully.,-1.23046875,-0.355712890625,patient,patient,-0.874755859375,patient
293,paints,wood,beautifully,This wood paints beautifully.,-1.23046875,-0.355224609375,patient,patient,-0.875244140625,patient
294,paints,surface,beautifully,This surface paints beautifully.,-1.1044921875,-0.4169921875,patient,patient,-0.6875,patient
295,paints,panel,beautifully,This panel paints beautifully.,-1.23046875,-0.35546875,patient,patient,-0.875,patient
296,paints,painter,beautifully,This painter paints beautifully.,-0.59423828125,-0.81298828125,agent,agent,0.21875,agent
297,paints,artist,beautifully,This artist paints beautifully.,-0.5029296875,-0.9404296875,agent,agent,0.4375,agent
298,paints,person,beautifully,This person paints beautifully.,-0.94287109375,-0.50537109375,agent,patient,-0.4375,patient
299,paints,illustrator,beautifully,This illustrator paints beautifully.,-0.6240234375,-0.7802734375,agent,agent,0.15625,agent
300,paints,portraitist,beautifully,This portraitist paints beautifully.,-0.4912109375,-0.9599609375,agent,agent,0.46875,agent
301,writes,section,quickly,This section writes quickly.,-0.529296875,-0.904296875,patient,agent,0.375,agent
302,writes,passage,quickly,This passage writes quickly.,-0.8505859375,-0.5693359375,patient,patient,-0.28125,patient
303,writes,proposal,quickly,This proposal writes quickly.,-0.609375,-0.796875,patient,agent,0.1875,agent
304,writes,code,quickly,This code writes quickly.,-0.68359375,-0.71484375,patient,agent,0.03125,agent
305,writes,essay,quickly,This essay writes quickly.,-0.6533203125,-0.7470703125,patient,agent,0.09375,agent
306,writes,student,quickly,This student writes quickly.,-0.58154296875,-0.83154296875,agent,agent,0.25,agent
307,writes,person,quickly,This person writes quickly.,-0.74853515625,-0.65478515625,agent,patient,-0.09375,agent
308,writes,notetaker,quickly,This notetaker writes quickly.,-0.46826171875,-0.99951171875,agent,agent,0.53125,agent
309,writes,journalist,quickly,This journalist writes quickly.,-0.37109375,-1.18359375,agent,agent,0.8125,agent
310,writes,scribe,quickly,This scribe writes quickly.,-0.47900390625,-0.97900390625,agent,agent,0.5,agent
311,writes,doctor,quickly,This doctor writes quickly.,-0.5146484375,-0.9208984375,agent,agent,0.40625,agent
312,writes,professor,quickly,This professor writes quickly.,-0.490478515625,-0.95947265625,agent,agent,0.468994140625,agent
313,writes,essayist,quickly,This essayist writes quickly.,-0.382080078125,-1.1630859375,agent,agent,0.781005859375,agent
314,writes,blogger,quickly,This blogger writes quickly.,-0.401611328125,-1.1201171875,agent,agent,0.718505859375,agent
315,writes,poet,quickly,This poet writes quickly.,-0.490478515625,-0.95947265625,agent,agent,0.468994140625,agent
316,writes,novelist,quickly,This novelist writes quickly.,-0.43359375,-1.05859375,agent,agent,0.625,agent
317,writes,author,quickly,This author writes quickly.,-0.40185546875,-1.12109375,agent,agent,0.71923828125,agent
318,writes,section,easily,This section writes easily.,-0.66845703125,-0.73095703125,patient,agent,0.0625,agent
319,writes,passage,easily,This passage writes easily.,-1.0205078125,-0.4580078125,patient,patient,-0.5625,patient
320,writes,proposal,easily,This proposal writes easily.,-0.763671875,-0.638671875,patient,patient,-0.125,agent
321,writes,code,easily,This code writes easily.,-0.79736328125,-0.60986328125,patient,patient,-0.1875,agent
322,writes,essay,easily,This essay writes easily.,-0.763671875,-0.638671875,patient,patient,-0.125,agent
323,writes,student,easily,This student writes easily.,-0.69873046875,-0.69873046875,agent,agent,0.0,agent
324,writes,person,easily,This person writes easily.,-0.86865234375,-0.55615234375,agent,patient,-0.3125,patient
325,writes,notetaker,easily,This notetaker writes easily.,-0.50390625,-0.94140625,agent,agent,0.4375,agent
326,writes,journalist,easily,This journalist writes easily.,-0.4326171875,-1.0576171875,agent,agent,0.625,agent
327,writes,scribe,easily,This scribe writes easily.,-0.55419921875,-0.86669921875,agent,agent,0.3125,agent
328,writes,doctor,easily,This doctor writes easily.,-0.62255859375,-0.77880859375,agent,agent,0.15625,agent
329,writes,professor,easily,This professor writes easily.,-0.56689453125,-0.84814453125,agent,agent,0.28125,agent
330,writes,essayist,easily,This essayist writes easily.,-0.433837890625,-1.05859375,agent,agent,0.624755859375,agent
331,writes,blogger,easily,This blogger writes easily.,-0.478759765625,-0.978515625,agent,agent,0.499755859375,agent
332,writes,poet,easily,This poet writes easily.,-0.59423828125,-0.81298828125,agent,agent,0.21875,agent
333,writes,novelist,easily,This novelist writes easily.,-0.47900390625,-0.97900390625,agent,agent,0.5,agent
334,writes,author,easily,This author writes easily.,-0.490966796875,-0.9599609375,agent,agent,0.468994140625,agent
335,performs,routine,easily,This routine performs easily.,-0.7138671875,-0.6826171875,patient,patient,-0.03125,agent
336,performs,song,easily,This song performs easily.,-0.94189453125,-0.50439453125,patient,patient,-0.4375,patient
337,performs,choreography,easily,This choreography performs easily.,-0.5546875,-0.8671875,patient,agent,0.3125,agent
338,performs,sonata,easily,This sonata performs easily.,-0.7470703125,-0.6533203125,patient,patient,-0.09375,agent
339,performs,concerto,easily,This concerto performs easily.,-0.83203125,-0.58203125,patient,patient,-0.25,patient
340,performs,scene,easily,This scene performs easily.,-0.74755859375,-0.65380859375,patient,patient,-0.09375,agent
341,performs,musician,easily,This musician performs easily.,-0.541015625,-0.884765625,agent,agent,0.34375,agent
342,performs,person,easily,This person performs easily.,-0.8857421875,-0.5419921875,agent,patient,-0.34375,patient
343,performs,actor,easily,This actor performs easily.,-0.5146484375,-0.9208984375,agent,agent,0.40625,agent
344,performs,comedian,easily,This comedian performs easily.,-0.51513671875,-0.92138671875,agent,agent,0.40625,agent
345,performs,dancer,easily,This dancer performs easily.,-0.52783203125,-0.90283203125,agent,agent,0.375,agent
346,performs,singer,easily,This singer performs easily.,-0.5400390625,-0.8837890625,agent,agent,0.34375,agent
347,performs,soloist,easily,This soloist performs easily.,-0.52783203125,-0.90283203125,agent,agent,0.375,agent
348,photographs,building,nicely,This building photographs nicely.,-0.415283203125,-1.1025390625,patient,agent,0.687255859375,agent
349,photographs,animal,nicely,This animal photographs nicely.,-0.90478515625,-0.52978515625,patient,patient,-0.375,patient
350,photographs,landscape,nicely,This landscape photographs nicely.,-0.9814453125,-0.481689453125,patient,patient,-0.499755859375,patient
351,photographs,lake,nicely,This lake photographs nicely.,-1.1435546875,-0.393310546875,patient,patient,-0.750244140625,patient
352,photographs,mountain,nicely,This mountain photographs nicely.,-1.2529296875,-0.346435546875,patient,patient,-0.906494140625,patient
353,photographs,model,nicely,This model photographs nicely.,-0.76318359375,-0.63818359375,patient,patient,-0.125,agent
354,photographs,view,nicely,This view photographs nicely.,-0.7158203125,-0.6845703125,patient,patient,-0.03125,agent
355,photographs,photographer,nicely,This photographer photographs nicely.,-0.5029296875,-0.9404296875,agent,agent,0.4375,agent
356,photographs,cameraman,nicely,This cameraman photographs nicely.,-0.433349609375,-1.05859375,agent,agent,0.625244140625,agent
357,photographs,building,beautifully,This building photographs beautifully.,-0.447509765625,-1.041015625,patient,agent,0.593505859375,agent
358,photographs,animal,beautifully,This animal photographs beautifully.,-0.96142578125,-0.492919921875,patient,patient,-0.468505859375,patient
359,photographs,landscape,beautifully,This landscape photographs beautifully.,-1.021484375,-0.458740234375,patient,patient,-0.562744140625,patient
360,photographs,lake,beautifully,This lake photographs beautifully.,-1.1865234375,-0.373779296875,patient,patient,-0.812744140625,patient
361,photographs,mountain,beautifully,This mountain photographs beautifully.,-1.2978515625,-0.3291015625,patient,patient,-0.96875,patient
362,photographs,model,beautifully,This model photographs beautifully.,-0.78076171875,-0.62451171875,patient,patient,-0.15625,agent
363,photographs,view,beautifully,This view photographs beautifully.,-0.74853515625,-0.65478515625,patient,patient,-0.09375,agent
364,photographs,photographer,beautifully,This photographer photographs beautifully.,-0.55419921875,-0.86669921875,agent,agent,0.3125,agent
365,photographs,cameraman,beautifully,This cameraman photographs beautifully.,-0.46728515625,-0.99853515625,agent,agent,0.53125,agent
366,plays,cello,nicely,This cello plays nicely.,-0.8681640625,-0.5556640625,patient,patient,-0.3125,patient
367,plays,piano,nicely,This piano plays nicely.,-1.0595703125,-0.4345703125,patient,patient,-0.625,patient
368,plays,violin,nicely,This violin plays nicely.,-1.021484375,-0.458740234375,patient,patient,-0.562744140625,patient
369,plays,instrument,nicely,This instrument plays nicely.,-0.9609375,-0.492431640625,patient,patient,-0.468505859375,patient
370,plays,flute,nicely,This flute plays nicely.,-0.9609375,-0.4921875,patient,patient,-0.46875,patient
371,plays,clarinet,nicely,This clarinet plays nicely.,-0.7314453125,-0.6689453125,patient,patient,-0.0625,agent
372,plays,musician,nicely,This musician plays nicely.,-0.5419921875,-0.8857421875,agent,agent,0.34375,agent
373,plays,violinist,nicely,This violinist plays nicely.,-0.54248046875,-0.88623046875,agent,agent,0.34375,agent
374,plays,cellist,nicely,This cellist plays nicely.,-0.541015625,-0.884765625,agent,agent,0.34375,agent
375,plays,pianist,nicely,This pianist plays nicely.,-0.5810546875,-0.8310546875,agent,agent,0.25,agent
376,plays,drummer,nicely,This drummer plays nicely.,-0.62451171875,-0.78076171875,agent,agent,0.15625,agent
377,plays,flutist,nicely,This flutist plays nicely.,-0.68359375,-0.71484375,agent,agent,0.03125,agent
378,plays,clarinetist,nicely,This clarinetist plays nicely.,-0.40283203125,-1.1220703125,agent,agent,0.71923828125,agent
379,plays,cello,beautifully,This cello plays beautifully.,-0.904296875,-0.529296875,patient,patient,-0.375,patient
380,plays,piano,beautifully,This piano plays beautifully.,-1.080078125,-0.423828125,patient,patient,-0.65625,patient
381,plays,violin,beautifully,This violin plays beautifully.,-1.0615234375,-0.436767578125,patient,patient,-0.624755859375,patient
382,plays,instrument,beautifully,This instrument plays beautifully.,-1.0,-0.46923828125,patient,patient,-0.53076171875,patient
383,plays,flute,beautifully,This flute plays beautifully.,-0.98046875,-0.480224609375,patient,patient,-0.500244140625,patient
384,plays,clarinet,beautifully,This clarinet plays beautifully.,-0.748046875,-0.654296875,patient,patient,-0.09375,agent
385,plays,musician,beautifully,This musician plays beautifully.,-0.55517578125,-0.86767578125,agent,agent,0.3125,agent
386,plays,violinist,beautifully,This violinist plays beautifully.,-0.5693359375,-0.8505859375,agent,agent,0.28125,agent
387,plays,cellist,beautifully,This cellist plays beautifully.,-0.5546875,-0.8671875,agent,agent,0.3125,agent
388,plays,pianist,beautifully,This pianist plays beautifully.,-0.5947265625,-0.8134765625,agent,agent,0.21875,agent
389,plays,drummer,beautifully,This drummer plays beautifully.,-0.63916015625,-0.76416015625,agent,agent,0.125,agent
390,plays,flutist,beautifully,This flutist plays beautifully.,-0.69873046875,-0.69873046875,agent,agent,0.0,agent
391,plays,clarinetist,beautifully,This clarinetist plays beautifully.,-0.413330078125,-1.1005859375,agent,agent,0.687255859375,agent
392,cuts,meat,nicely,This meat cuts nicely.,-1.1435546875,-0.39404296875,patient,patient,-0.74951171875,patient
393,cuts,cardboard,nicely,This cardboard cuts nicely.,-1.2099609375,-0.3662109375,patient,patient,-0.84375,patient
394,cuts,packaging,nicely,This packaging cuts nicely.,-1.14453125,-0.39453125,patient,patient,-0.75,patient
395,cuts,board,nicely,This board cuts nicely.,-1.34375,-0.312255859375,patient,patient,-1.031494140625,patient
396,cuts,paper,nicely,This paper cuts nicely.,-1.53515625,-0.25341796875,patient,patient,-1.28173828125,patient
397,cuts,fabric,nicely,This fabric cuts nicely.,-1.34375,-0.312744140625,patient,patient,-1.031005859375,patient
398,cuts,hairdresser,nicely,This hairdresser cuts nicely.,-0.52880859375,-0.90380859375,agent,agent,0.375,agent
399,cuts,barber,nicely,This barber cuts nicely.,-0.66796875,-0.73046875,agent,agent,0.0625,agent
400,cuts,butcher,nicely,This butcher cuts nicely.,-0.71484375,-0.68359375,agent,patient,-0.03125,agent
401,cuts,chef,nicely,This chef cuts nicely.,-0.62353515625,-0.77978515625,agent,agent,0.15625,agent
402,cuts,meat,roughly,This meat cuts roughly.,-1.1015625,-0.414306640625,patient,patient,-0.687255859375,patient
403,cuts,cardboard,roughly,This cardboard cuts roughly.,-1.2099609375,-0.366455078125,patient,patient,-0.843505859375,patient
404,cuts,packaging,roughly,This packaging cuts roughly.,-1.14453125,-0.39453125,patient,patient,-0.75,patient
405,cuts,board,roughly,This board cuts roughly.,-1.3203125,-0.320556640625,patient,patient,-0.999755859375,patient
406,cuts,paper,roughly,This paper cuts roughly.,-1.486328125,-0.26708984375,patient,patient,-1.21923828125,patient
407,cuts,fabric,roughly,This fabric cuts roughly.,-1.2978515625,-0.32958984375,patient,patient,-0.96826171875,patient
408,cuts,hairdresser,roughly,This hairdresser cuts roughly.,-0.529296875,-0.904296875,agent,agent,0.375,agent
409,cuts,barber,roughly,This barber cuts roughly.,-0.65283203125,-0.74658203125,agent,agent,0.09375,agent
410,cuts,butcher,roughly,This butcher cuts roughly.,-0.71533203125,-0.68408203125,agent,patient,-0.03125,agent
411,cuts,chef,roughly,This chef cuts roughly.,-0.59521484375,-0.81396484375,agent,agent,0.21875,agent
412,cuts,meat,cleanly,This meat cuts cleanly.,-1.0810546875,-0.4248046875,patient,patient,-0.65625,patient
413,cuts,cardboard,cleanly,This cardboard cuts cleanly.,-1.166015625,-0.38525390625,patient,patient,-0.78076171875,patient
414,cuts,packaging,cleanly,This packaging cuts cleanly.,-1.1025390625,-0.414794921875,patient,patient,-0.687744140625,patient
415,cuts,board,cleanly,This board cuts cleanly.,-1.251953125,-0.34619140625,patient,patient,-0.90576171875,patient
416,cuts,paper,cleanly,This paper cuts cleanly.,-1.4619140625,-0.274169921875,patient,patient,-1.187744140625,patient
417,cuts,fabric,cleanly,This fabric cuts cleanly.,-1.275390625,-0.337890625,patient,patient,-0.9375,patient
418,cuts,hairdresser,cleanly,This hairdresser cuts cleanly.,-0.479736328125,-0.9794921875,agent,agent,0.499755859375,agent
419,cuts,barber,cleanly,This barber cuts cleanly.,-0.60888671875,-0.79638671875,agent,agent,0.1875,agent
420,cuts,butcher,cleanly,This butcher cuts cleanly.,-0.6533203125,-0.7470703125,agent,agent,0.09375,agent
421,cuts,chef,cleanly,This chef cuts cleanly.,-0.55419921875,-0.86669921875,agent,agent,0.3125,agent
422,cuts,meat,effortlessly,This meat cuts effortlessly.,-1.01953125,-0.457275390625,patient,patient,-0.562255859375,patient
423,cuts,cardboard,effortlessly,This cardboard cuts effortlessly.,-1.1025390625,-0.414794921875,patient,patient,-0.687744140625,patient
424,cuts,packaging,effortlessly,This packaging cuts effortlessly.,-1.0,-0.468994140625,patient,patient,-0.531005859375,patient
425,cuts,board,effortlessly,This board cuts effortlessly.,-1.1640625,-0.383056640625,patient,patient,-0.781005859375,patient
426,cuts,paper,effortlessly,This paper cuts effortlessly.,-1.34375,-0.312255859375,patient,patient,-1.031494140625,patient
427,cuts,fabric,effortlessly,This fabric cuts effortlessly.,-1.2080078125,-0.364501953125,patient,patient,-0.843505859375,patient
428,cuts,hairdresser,effortlessly,This hairdresser cuts effortlessly.,-0.44482421875,-1.0380859375,agent,agent,0.59326171875,agent
429,cuts,barber,effortlessly,This barber cuts effortlessly.,-0.5537109375,-0.8662109375,agent,agent,0.3125,agent
430,cuts,butcher,effortlessly,This butcher cuts effortlessly.,-0.62353515625,-0.77978515625,agent,agent,0.15625,agent
431,cuts,chef,effortlessly,This chef cuts effortlessly.,-0.50244140625,-0.93994140625,agent,agent,0.4375,agent
432,cleans,jewelry,easily,This jewelry cleans easily.,-1.0400390625,-0.4462890625,patient,patient,-0.59375,patient
433,cleans,window,easily,This window cleans easily.,-1.060546875,-0.435546875,patient,patient,-0.625,patient
434,cleans,countertop,easily,This countertop cleans easily.,-0.98046875,-0.48046875,patient,patient,-0.5,patient
435,cleans,floor,easily,This floor cleans easily.,-1.4599609375,-0.2724609375,patient,patient,-1.1875,patient
436,cleans,surface,easily,This surface cleans easily.,-1.2763671875,-0.33837890625,patient,patient,-0.93798828125,patient
437,cleans,carpet,easily,This carpet cleans easily.,-1.3193359375,-0.319580078125,patient,patient,-0.999755859375,patient
438,cleans,windshield,easily,This windshield cleans easily.,-0.90625,-0.53125,patient,patient,-0.375,patient
439,cleans,mirror,easily,This mirror cleans easily.,-1.185546875,-0.37255859375,patient,patient,-0.81298828125,patient
440,cleans,pot,easily,This pot cleans easily.,-1.6318359375,-0.2254638671875,patient,patient,-1.4063720703125,patient
441,cleans,silverware,easily,This silverware cleans easily.,-1.0205078125,-0.457763671875,patient,patient,-0.562744140625,patient
442,cleans,bedding,easily,This bedding cleans easily.,-1.0400390625,-0.446533203125,patient,patient,-0.593505859375,patient
443,cleans,janitor,easily,This janitor cleans easily.,-0.62255859375,-0.77880859375,agent,agent,0.15625,agent
444,cleans,maid,easily,This maid cleans easily.,-0.81298828125,-0.59423828125,agent,patient,-0.21875,patient
445,cleans,cleaner,easily,This cleaner cleans easily.,-0.478271484375,-0.97802734375,agent,agent,0.499755859375,agent
446,cleans,housekeeper,easily,This housekeeper cleans easily.,-0.60888671875,-0.79638671875,agent,agent,0.1875,agent
447,cleans,busboy,easily,This busboy cleans easily.,-0.56689453125,-0.84814453125,agent,agent,0.28125,agent
448,cleans,waiter,easily,This waiter cleans easily.,-0.77880859375,-0.62255859375,agent,patient,-0.15625,agent
449,cleans,waitress,easily,This waitress cleans easily.,-0.7294921875,-0.6669921875,agent,patient,-0.0625,agent
450,cleans,jewelry,quickly,This jewelry cleans quickly.,-0.90478515625,-0.52978515625,patient,patient,-0.375,patient
451,cleans,window,quickly,This window cleans quickly.,-0.8681640625,-0.5556640625,patient,patient,-0.3125,patient
452,cleans,countertop,quickly,This countertop cleans quickly.,-0.83251953125,-0.58251953125,patient,patient,-0.25,patient
453,cleans,floor,quickly,This floor cleans quickly.,-1.1640625,-0.38330078125,patient,patient,-0.78076171875,patient
454,cleans,surface,quickly,This surface cleans quickly.,-1.08203125,-0.42578125,patient,patient,-0.65625,patient
455,cleans,carpet,quickly,This carpet cleans quickly.,-1.1005859375,-0.41357421875,patient,patient,-0.68701171875,patient
456,cleans,windshield,quickly,This windshield cleans quickly.,-0.79931640625,-0.61181640625,patient,patient,-0.1875,agent
457,cleans,mirror,quickly,This mirror cleans quickly.,-0.9599609375,-0.4912109375,patient,patient,-0.46875,patient
458,cleans,pot,quickly,This pot cleans quickly.,-1.388671875,-0.295166015625,patient,patient,-1.093505859375,patient
459,cleans,silverware,quickly,This silverware cleans quickly.,-0.9423828125,-0.5048828125,patient,patient,-0.4375,patient
460,cleans,bedding,quickly,This bedding cleans quickly.,-0.88623046875,-0.54248046875,patient,patient,-0.34375,patient
461,cleans,janitor,quickly,This janitor cleans quickly.,-0.54052734375,-0.88427734375,agent,agent,0.34375,agent
462,cleans,maid,quickly,This maid cleans quickly.,-0.68212890625,-0.71337890625,agent,agent,0.03125,agent
463,cleans,cleaner,quickly,This cleaner cleans quickly.,-0.390869140625,-1.140625,agent,agent,0.749755859375,agent
464,cleans,housekeeper,quickly,This housekeeper cleans quickly.,-0.5283203125,-0.9033203125,agent,agent,0.375,agent
465,cleans,busboy,quickly,This busboy cleans quickly.,-0.45556640625,-1.017578125,agent,agent,0.56201171875,agent
466,cleans,waiter,quickly,This waiter cleans quickly.,-0.65185546875,-0.74560546875,agent,agent,0.09375,agent
467,cleans,waitress,quickly,This waitress cleans quickly.,-0.63720703125,-0.76220703125,agent,agent,0.125,agent
468,cleans,jewelry,effortlessly,This jewelry cleans effortlessly.,-0.86767578125,-0.55517578125,patient,patient,-0.3125,patient
469,cleans,window,effortlessly,This window cleans effortlessly.,-0.8681640625,-0.5556640625,patient,patient,-0.3125,patient
470,cleans,countertop,effortlessly,This countertop cleans effortlessly.,-0.83203125,-0.58203125,patient,patient,-0.25,patient
471,cleans,floor,effortlessly,This floor cleans effortlessly.,-1.142578125,-0.39306640625,patient,patient,-0.74951171875,patient
472,cleans,surface,effortlessly,This surface cleans effortlessly.,-1.0205078125,-0.45849609375,patient,patient,-0.56201171875,patient
473,cleans,carpet,effortlessly,This carpet cleans effortlessly.,-1.0595703125,-0.4345703125,patient,patient,-0.625,patient
474,cleans,windshield,effortlessly,This windshield cleans effortlessly.,-0.74853515625,-0.65478515625,patient,patient,-0.09375,agent
475,cleans,mirror,effortlessly,This mirror cleans effortlessly.,-0.9033203125,-0.5283203125,patient,patient,-0.375,patient
476,cleans,pot,effortlessly,This pot cleans effortlessly.,-1.3193359375,-0.3193359375,patient,patient,-1.0,patient
477,cleans,silverware,effortlessly,This silverware cleans effortlessly.,-0.904296875,-0.529296875,patient,patient,-0.375,patient
478,cleans,bedding,effortlessly,This bedding cleans effortlessly.,-0.85009765625,-0.56884765625,patient,patient,-0.28125,patient
479,cleans,janitor,effortlessly,This janitor cleans effortlessly.,-0.54052734375,-0.88427734375,agent,agent,0.34375,agent
480,cleans,maid,effortlessly,This maid cleans effortlessly.,-0.65185546875,-0.74560546875,agent,agent,0.09375,agent
481,cleans,cleaner,effortlessly,This cleaner cleans effortlessly.,-0.401123046875,-1.1201171875,agent,agent,0.718994140625,agent
482,cleans,housekeeper,effortlessly,This housekeeper cleans effortlessly.,-0.52783203125,-0.90283203125,agent,agent,0.375,agent
483,cleans,busboy,effortlessly,This busboy cleans effortlessly.,-0.444091796875,-1.0380859375,agent,agent,0.593994140625,agent
484,cleans,waiter,effortlessly,This waiter cleans effortlessly.,-0.62255859375,-0.77880859375,agent,agent,0.15625,agent
485,cleans,waitress,effortlessly,This waitress cleans effortlessly.,-0.62255859375,-0.77880859375,agent,agent,0.15625,agent
486,washes,bottle,easily,This bottle washes easily.,-1.3896484375,-0.29541015625,patient,patient,-1.09423828125,patient
487,washes,tub,easily,This tub washes easily.,-1.20703125,-0.363525390625,patient,patient,-0.843505859375,patient
488,washes,shirt,easily,This shirt washes easily.,-1.01953125,-0.45703125,patient,patient,-0.5625,patient
489,washes,car,easily,This car washes easily.,-1.0595703125,-0.4345703125,patient,patient,-0.625,patient
490,washes,windshield,easily,This windshield washes easily.,-0.94384765625,-0.50634765625,patient,patient,-0.4375,patient
491,washes,dish,easily,This dish washes easily.,-1.3193359375,-0.319580078125,patient,patient,-0.999755859375,patient
492,washes,bedding,easily,This bedding washes easily.,-1.0009765625,-0.46923828125,patient,patient,-0.53173828125,patient
493,washes,blanket,easily,This blanket washes easily.,-1.2314453125,-0.356201171875,patient,patient,-0.875244140625,patient
494,washes,bowl,easily,This bowl washes easily.,-1.458984375,-0.27197265625,patient,patient,-1.18701171875,patient
495,washes,worker,easily,This worker washes easily.,-0.68212890625,-0.71337890625,agent,agent,0.03125,agent
496,washes,maid,easily,This maid washes easily.,-0.76220703125,-0.63720703125,agent,patient,-0.125,agent
497,washes,cleaner,easily,This cleaner washes easily.,-0.466552734375,-0.998046875,agent,agent,0.531494140625,agent
498,washes,busboy,easily,This busboy washes easily.,-0.5947265625,-0.8134765625,agent,agent,0.21875,agent
499,washes,bottle,quickly,This bottle washes quickly.,-1.2080078125,-0.364013671875,patient,patient,-0.843994140625,patient
500,washes,tub,quickly,This tub washes quickly.,-0.99951171875,-0.468017578125,patient,patient,-0.531494140625,patient
501,washes,shirt,quickly,This shirt washes quickly.,-0.86767578125,-0.55517578125,patient,patient,-0.3125,patient
502,washes,car,quickly,This car washes quickly.,-0.8671875,-0.5546875,patient,patient,-0.3125,patient
503,washes,windshield,quickly,This windshield washes quickly.,-0.81689453125,-0.59814453125,patient,patient,-0.21875,patient
504,washes,dish,quickly,This dish washes quickly.,-1.1220703125,-0.4033203125,patient,patient,-0.71875,patient
505,washes,bedding,quickly,This bedding washes quickly.,-0.8681640625,-0.5556640625,patient,patient,-0.3125,patient
506,washes,blanket,quickly,This blanket washes quickly.,-1.041015625,-0.447265625,patient,patient,-0.59375,patient
507,washes,bowl,quickly,This bowl washes quickly.,-1.2509765625,-0.344970703125,patient,patient,-0.906005859375,patient
508,washes,worker,quickly,This worker washes quickly.,-0.58056640625,-0.83056640625,agent,agent,0.25,agent
509,washes,maid,quickly,This maid washes quickly.,-0.63720703125,-0.76220703125,agent,agent,0.125,agent
510,washes,cleaner,quickly,This cleaner washes quickly.,-0.401123046875,-1.1201171875,agent,agent,0.718994140625,agent
511,washes,busboy,quickly,This busboy washes quickly.,-0.49072265625,-0.95947265625,agent,agent,0.46875,agent
512,shaves,beard,neatly,This beard shaves neatly.,-1.041015625,-0.447265625,patient,patient,-0.59375,patient
513,shaves,stubble,neatly,This stubble shaves neatly.,-1.166015625,-0.38525390625,patient,patient,-0.78076171875,patient
514,shaves,sideburn,neatly,This sideburn shaves neatly.,-0.85205078125,-0.57080078125,patient,patient,-0.28125,patient
515,shaves,barber,neatly,This barber shaves neatly.,-0.71435546875,-0.68310546875,agent,patient,-0.03125,agent
516,shaves,hairdresser,neatly,This hairdresser shaves neatly.,-0.52880859375,-0.90380859375,agent,agent,0.375,agent
517,shaves,beard,nicely,This beard shaves nicely.,-1.0205078125,-0.458251953125,patient,patient,-0.562255859375,patient
518,shaves,stubble,nicely,This stubble shaves nicely.,-1.1455078125,-0.39501953125,patient,patient,-0.75048828125,patient
519,shaves,sideburn,nicely,This sideburn shaves nicely.,-0.8701171875,-0.5576171875,patient,patient,-0.3125,patient
520,shaves,barber,nicely,This barber shaves nicely.,-0.69873046875,-0.69873046875,agent,agent,0.0,agent
521,shaves,hairdresser,nicely,This hairdresser shaves nicely.,-0.54150390625,-0.88525390625,agent,agent,0.34375,agent
522,shaves,beard,smoothly,This beard shaves smoothly.,-1.060546875,-0.435791015625,patient,patient,-0.624755859375,patient
523,shaves,stubble,smoothly,This stubble shaves smoothly.,-1.166015625,-0.384765625,patient,patient,-0.78125,patient
524,shaves,sideburn,smoothly,This sideburn shaves smoothly.,-0.86962890625,-0.55712890625,patient,patient,-0.3125,patient
525,shaves,barber,smoothly,This barber shaves smoothly.,-0.6982421875,-0.6982421875,agent,agent,0.0,agent
526,shaves,hairdresser,smoothly,This hairdresser shaves smoothly.,-0.52880859375,-0.90380859375,agent,agent,0.375,agent
527,packs,crate,well,This crate packs well.,-1.208984375,-0.365234375,patient,patient,-0.84375,patient
528,packs,lunchbox,well,This lunchbox packs well.,-1.041015625,-0.447265625,patient,patient,-0.59375,patient
529,packs,basket,well,This basket packs well.,-1.251953125,-0.345703125,patient,patient,-0.90625,patient
530,packs,container,well,This container packs well.,-1.23046875,-0.355712890625,patient,patient,-0.874755859375,patient
531,packs,coat,well,This coat packs well.,-1.23046875,-0.355224609375,patient,patient,-0.875244140625,patient
532,packs,jacket,well,This jacket packs well.,-1.0810546875,-0.4248046875,patient,patient,-0.65625,patient
533,packs,bag,well,This bag packs well.,-1.2744140625,-0.3369140625,patient,patient,-0.9375,patient
534,packs,duffle,well,This duffle packs well.,-1.0419921875,-0.4482421875,patient,patient,-0.59375,patient
535,packs,food,well,This food packs well.,-1.1865234375,-0.374267578125,patient,patient,-0.812255859375,patient
536,packs,suitcase,well,This suitcase packs well.,-1.1875,-0.37451171875,patient,patient,-0.81298828125,patient
537,packs,tent,well,This tent packs well.,-1.1025390625,-0.414794921875,patient,patient,-0.687744140625,patient
538,packs,backpack,well,This backpack packs well.,-1.1025390625,-0.414794921875,patient,patient,-0.687744140625,patient
539,packs,mover,well,This mover packs well.,-0.77978515625,-0.62353515625,agent,patient,-0.15625,agent
540,packs,traveller,well,This traveller packs well.,-0.56787109375,-0.84912109375,agent,agent,0.28125,agent
541,packs,clerk,well,This clerk packs well.,-0.68310546875,-0.71435546875,agent,agent,0.03125,agent
542,packs,worker,well,This worker packs well.,-0.6982421875,-0.6982421875,agent,agent,0.0,agent
543,packs,backpacker,well,This backpacker packs well.,-0.56884765625,-0.85009765625,agent,agent,0.28125,agent
544,packs,roadtripper,well,This roadtripper packs well.,-0.50439453125,-0.94189453125,agent,agent,0.4375,agent
545,packs,hiker,well,This hiker packs well.,-0.5673828125,-0.8486328125,agent,agent,0.28125,agent
546,packs,camper,well,This camper packs well.,-0.74658203125,-0.65283203125,agent,patient,-0.09375,agent
547,packs,crate,easily,This crate packs easily.,-1.275390625,-0.337890625,patient,patient,-0.9375,patient
548,packs,lunchbox,easily,This lunchbox packs easily.,-1.123046875,-0.404541015625,patient,patient,-0.718505859375,patient
549,packs,basket,easily,This basket packs easily.,-1.388671875,-0.295166015625,patient,patient,-1.093505859375,patient
550,packs,container,easily,This container packs easily.,-1.2978515625,-0.328857421875,patient,patient,-0.968994140625,patient
551,packs,coat,easily,This coat packs easily.,-1.3427734375,-0.3115234375,patient,patient,-1.03125,patient
552,packs,jacket,easily,This jacket packs easily.,-1.1865234375,-0.3740234375,patient,patient,-0.8125,patient
553,packs,bag,easily,This bag packs easily.,-1.388671875,-0.29541015625,patient,patient,-1.09326171875,patient
554,packs,duffle,easily,This duffle packs easily.,-1.1240234375,-0.405517578125,patient,patient,-0.718505859375,patient
555,packs,food,easily,This food packs easily.,-1.275390625,-0.337646484375,patient,patient,-0.937744140625,patient
556,packs,suitcase,easily,This suitcase packs easily.,-1.2978515625,-0.328857421875,patient,patient,-0.968994140625,patient
557,packs,tent,easily,This tent packs easily.,-1.23046875,-0.35595703125,patient,patient,-0.87451171875,patient
558,packs,backpack,easily,This backpack packs easily.,-1.208984375,-0.364990234375,patient,patient,-0.843994140625,patient
559,packs,mover,easily,This mover packs easily.,-0.8671875,-0.5546875,agent,patient,-0.3125,patient
560,packs,traveller,easily,This traveller packs easily.,-0.63818359375,-0.76318359375,agent,agent,0.125,agent
561,packs,clerk,easily,This clerk packs easily.,-0.7626953125,-0.6376953125,agent,patient,-0.125,agent
562,packs,worker,easily,This worker packs easily.,-0.779296875,-0.623046875,agent,patient,-0.15625,agent
563,packs,backpacker,easily,This backpacker packs easily.,-0.60986328125,-0.79736328125,agent,agent,0.1875,agent
564,packs,roadtripper,easily,This roadtripper packs easily.,-0.5556640625,-0.8681640625,agent,agent,0.3125,agent
565,packs,hiker,easily,This hiker packs easily.,-0.623046875,-0.779296875,agent,agent,0.15625,agent
566,packs,camper,easily,This camper packs easily.,-0.81396484375,-0.59521484375,agent,patient,-0.21875,patient
567,stitches,silk,easily,This silk stitches easily.,-0.98095703125,-0.480712890625,patient,patient,-0.500244140625,patient
568,stitches,quilt,easily,This quilt stitches easily.,-0.98046875,-0.480712890625,patient,patient,-0.499755859375,patient
569,stitches,cotton,easily,This cotton stitches easily.,-1.08203125,-0.42529296875,patient,patient,-0.65673828125,patient
570,stitches,cut,easily,This cut stitches easily.,-0.71630859375,-0.68505859375,patient,patient,-0.03125,agent
571,stitches,cloth,easily,This cloth stitches easily.,-1.2080078125,-0.3642578125,patient,patient,-0.84375,patient
572,stitches,fabric,easily,This fabric stitches easily.,-1.2529296875,-0.34619140625,patient,patient,-0.90673828125,patient
573,stitches,wound,easily,This wound stitches easily.,-0.92333984375,-0.51708984375,patient,patient,-0.40625,patient
574,stitches,surgeon,easily,This surgeon stitches easily.,-0.68212890625,-0.71337890625,agent,agent,0.03125,agent
575,stitches,tailor,easily,This tailor stitches easily.,-0.66796875,-0.73046875,agent,agent,0.0625,agent
576,stitches,machine,easily,This machine stitches easily.,-1.0390625,-0.44580078125,agent,patient,-0.59326171875,patient
577,stitches,upholsterer,easily,This upholsterer stitches easily.,-0.54150390625,-0.88525390625,agent,agent,0.34375,agent
578,stitches,dressmaker,easily,This dressmaker stitches easily.,-0.58154296875,-0.83154296875,agent,agent,0.25,agent
579,stitches,silk,smoothly,This silk stitches smoothly.,-0.96142578125,-0.49267578125,patient,patient,-0.46875,patient
580,stitches,quilt,smoothly,This quilt stitches smoothly.,-0.9423828125,-0.5048828125,patient,patient,-0.4375,patient
581,stitches,cotton,smoothly,This cotton stitches smoothly.,-1.08203125,-0.42529296875,patient,patient,-0.65673828125,patient
582,stitches,cut,smoothly,This cut stitches smoothly.,-0.669921875,-0.732421875,patient,agent,0.0625,agent
583,stitches,cloth,smoothly,This cloth stitches smoothly.,-1.1650390625,-0.383544921875,patient,patient,-0.781494140625,patient
584,stitches,fabric,smoothly,This fabric stitches smoothly.,-1.23046875,-0.35546875,patient,patient,-0.875,patient
585,stitches,wound,smoothly,This wound stitches smoothly.,-0.88623046875,-0.54248046875,patient,patient,-0.34375,patient
586,stitches,surgeon,smoothly,This surgeon stitches smoothly.,-0.63720703125,-0.76220703125,agent,agent,0.125,agent
587,stitches,tailor,smoothly,This tailor stitches smoothly.,-0.63818359375,-0.76318359375,agent,agent,0.125,agent
588,stitches,machine,smoothly,This machine stitches smoothly.,-0.98046875,-0.480224609375,agent,patient,-0.500244140625,patient
589,stitches,upholsterer,smoothly,This upholsterer stitches smoothly.,-0.52880859375,-0.90380859375,agent,agent,0.375,agent
590,stitches,dressmaker,smoothly,This dressmaker stitches smoothly.,-0.5546875,-0.8671875,agent,agent,0.3125,agent
591,stitches,silk,nicely,This silk stitches nicely.,-0.9619140625,-0.492919921875,patient,patient,-0.468994140625,patient
592,stitches,quilt,nicely,This quilt stitches nicely.,-0.923828125,-0.517578125,patient,patient,-0.40625,patient
593,stitches,cotton,nicely,This cotton stitches nicely.,-1.0615234375,-0.436279296875,patient,patient,-0.625244140625,patient
594,stitches,cut,nicely,This cut stitches nicely.,-0.65478515625,-0.74853515625,patient,agent,0.09375,agent
595,stitches,cloth,nicely,This cloth stitches nicely.,-1.1435546875,-0.3935546875,patient,patient,-0.75,patient
596,stitches,fabric,nicely,This fabric stitches nicely.,-1.1865234375,-0.37451171875,patient,patient,-0.81201171875,patient
597,stitches,wound,nicely,This wound stitches nicely.,-0.83251953125,-0.58251953125,patient,patient,-0.25,patient
598,stitches,surgeon,nicely,This surgeon stitches nicely.,-0.65185546875,-0.74560546875,agent,agent,0.09375,agent
599,stitches,tailor,nicely,This tailor stitches nicely.,-0.6240234375,-0.7802734375,agent,agent,0.15625,agent
600,stitches,machine,nicely,This machine stitches nicely.,-0.9609375,-0.4921875,agent,patient,-0.46875,patient
601,stitches,upholsterer,nicely,This upholsterer stitches nicely.,-0.529296875,-0.904296875,agent,agent,0.375,agent
602,stitches,dressmaker,nicely,This dressmaker stitches nicely.,-0.5546875,-0.8671875,agent,agent,0.3125,agent
603,stitches,silk,poorly,This silk stitches poorly.,-1.0205078125,-0.457763671875,patient,patient,-0.562744140625,patient
604,stitches,quilt,poorly,This quilt stitches poorly.,-0.98095703125,-0.48095703125,patient,patient,-0.5,patient
605,stitches,cotton,poorly,This cotton stitches poorly.,-1.14453125,-0.39453125,patient,patient,-0.75,patient
606,stitches,cut,poorly,This cut stitches poorly.,-0.70068359375,-0.70068359375,patient,agent,0.0,agent
607,stitches,cloth,poorly,This cloth stitches poorly.,-1.251953125,-0.34619140625,patient,patient,-0.90576171875,patient
608,stitches,fabric,poorly,This fabric stitches poorly.,-1.2529296875,-0.346435546875,patient,patient,-0.906494140625,patient
609,stitches,wound,poorly,This wound stitches poorly.,-0.9423828125,-0.5048828125,patient,patient,-0.4375,patient
610,stitches,surgeon,poorly,This surgeon stitches poorly.,-0.69775390625,-0.69775390625,agent,agent,0.0,agent
611,stitches,tailor,poorly,This tailor stitches poorly.,-0.69921875,-0.69921875,agent,agent,0.0,agent
612,stitches,machine,poorly,This machine stitches poorly.,-1.0400390625,-0.446044921875,agent,patient,-0.593994140625,patient
613,stitches,upholsterer,poorly,This upholsterer stitches poorly.,-0.568359375,-0.849609375,agent,agent,0.28125,agent
614,stitches,dressmaker,poorly,This dressmaker stitches poorly.,-0.595703125,-0.814453125,agent,agent,0.21875,agent
615,embroiders,cushion,well,This cushion embroiders well.,-1.0810546875,-0.4248046875,patient,patient,-0.65625,patient
616,embroiders,thread,well,This thread embroiders well.,-1.1865234375,-0.374267578125,patient,patient,-0.812255859375,patient
617,embroiders,cloth,well,This cloth embroiders well.,-1.1015625,-0.413818359375,patient,patient,-0.687744140625,patient
618,embroiders,fabric,well,This fabric embroiders well.,-1.1650390625,-0.3837890625,patient,patient,-0.78125,patient
619,embroiders,tailor,well,This tailor embroiders well.,-0.6533203125,-0.7470703125,agent,agent,0.09375,agent
620,embroiders,seamster,well,This seamster embroiders well.,-0.56787109375,-0.84912109375,agent,agent,0.28125,agent
621,embroiders,seamstress,well,This seamstress embroiders well.,-0.5546875,-0.8671875,agent,agent,0.3125,agent
622,embroiders,cushion,nicely,This cushion embroiders nicely.,-1.0810546875,-0.425048828125,patient,patient,-0.656005859375,patient
623,embroiders,thread,nicely,This thread embroiders nicely.,-1.23046875,-0.355712890625,patient,patient,-0.874755859375,patient
624,embroiders,cloth,nicely,This cloth embroiders nicely.,-1.1220703125,-0.403564453125,patient,patient,-0.718505859375,patient
625,embroiders,fabric,nicely,This fabric embroiders nicely.,-1.1865234375,-0.3740234375,patient,patient,-0.8125,patient
626,embroiders,tailor,nicely,This tailor embroiders nicely.,-0.6533203125,-0.7470703125,agent,agent,0.09375,agent
627,embroiders,seamster,nicely,This seamster embroiders nicely.,-0.59521484375,-0.81396484375,agent,agent,0.21875,agent
628,embroiders,seamstress,nicely,This seamstress embroiders nicely.,-0.568359375,-0.849609375,agent,agent,0.28125,agent
629,embroiders,cushion,beautifully,This cushion embroiders beautifully.,-1.166015625,-0.384521484375,patient,patient,-0.781494140625,patient
630,embroiders,thread,beautifully,This thread embroiders beautifully.,-1.2978515625,-0.329345703125,patient,patient,-0.968505859375,patient
631,embroiders,cloth,beautifully,This cloth embroiders beautifully.,-1.1650390625,-0.3837890625,patient,patient,-0.78125,patient
632,embroiders,fabric,beautifully,This fabric embroiders beautifully.,-1.208984375,-0.364990234375,patient,patient,-0.843994140625,patient
633,embroiders,tailor,beautifully,This tailor embroiders beautifully.,-0.68359375,-0.71484375,agent,agent,0.03125,agent
634,embroiders,seamster,beautifully,This seamster embroiders beautifully.,-0.6240234375,-0.7802734375,agent,agent,0.15625,agent
635,embroiders,seamstress,beautifully,This seamstress embroiders beautifully.,-0.60986328125,-0.79736328125,agent,agent,0.1875,agent
636,embroiders,cushion,poorly,This cushion embroiders poorly.,-1.1865234375,-0.374267578125,patient,patient,-0.812255859375,patient
637,embroiders,thread,poorly,This thread embroiders poorly.,-1.275390625,-0.337646484375,patient,patient,-0.937744140625,patient
638,embroiders,cloth,poorly,This cloth embroiders poorly.,-1.1865234375,-0.3740234375,patient,patient,-0.8125,patient
639,embroiders,fabric,poorly,This fabric embroiders poorly.,-1.2744140625,-0.33740234375,patient,patient,-0.93701171875,patient
640,embroiders,tailor,poorly,This tailor embroiders poorly.,-0.73046875,-0.66796875,agent,patient,-0.0625,agent
641,embroiders,seamster,poorly,This seamster embroiders poorly.,-0.63818359375,-0.76318359375,agent,agent,0.125,agent
642,embroiders,seamstress,poorly,This seamstress embroiders poorly.,-0.6533203125,-0.7470703125,agent,agent,0.09375,agent
643,knits,yarn,well,This yarn knits well.,-1.1640625,-0.3828125,patient,patient,-0.78125,patient
644,knits,wool,well,This wool knits well.,-1.0810546875,-0.4248046875,patient,patient,-0.65625,patient
645,knits,pattern,well,This pattern knits well.,-1.14453125,-0.39404296875,patient,patient,-0.75048828125,patient
646,knits,person,well,This person knits well.,-0.923828125,-0.517578125,agent,patient,-0.40625,patient
647,knits,lady,well,This lady knits well.,-0.68310546875,-0.71435546875,agent,agent,0.03125,agent
648,knits,man,well,This man knits well.,-0.7470703125,-0.6533203125,agent,patient,-0.09375,agent
649,knits,woman,well,This woman knits well.,-0.77978515625,-0.62353515625,agent,patient,-0.15625,agent
650,knits,yarn,nicely,This yarn knits nicely.,-1.1640625,-0.3828125,patient,patient,-0.78125,patient
651,knits,wool,nicely,This wool knits nicely.,-1.1015625,-0.41455078125,patient,patient,-0.68701171875,patient
652,knits,pattern,nicely,This pattern knits nicely.,-1.1875,-0.374755859375,patient,patient,-0.812744140625,patient
653,knits,person,nicely,This person knits nicely.,-0.92431640625,-0.51806640625,agent,patient,-0.40625,patient
654,knits,lady,nicely,This lady knits nicely.,-0.69921875,-0.69921875,agent,agent,0.0,agent
655,knits,man,nicely,This man knits nicely.,-0.73046875,-0.66796875,agent,patient,-0.0625,agent
656,knits,woman,nicely,This woman knits nicely.,-0.77978515625,-0.62353515625,agent,patient,-0.15625,agent
657,knits,yarn,beautifully,This yarn knits beautifully.,-1.2294921875,-0.354736328125,patient,patient,-0.874755859375,patient
658,knits,wool,beautifully,This wool knits beautifully.,-1.123046875,-0.404296875,patient,patient,-0.71875,patient
659,knits,pattern,beautifully,This pattern knits beautifully.,-1.2763671875,-0.338623046875,patient,patient,-0.937744140625,patient
660,knits,person,beautifully,This person knits beautifully.,-1.0009765625,-0.47021484375,agent,patient,-0.53076171875,patient
661,knits,lady,beautifully,This lady knits beautifully.,-0.73095703125,-0.66845703125,agent,patient,-0.0625,agent
662,knits,man,beautifully,This man knits beautifully.,-0.7470703125,-0.6533203125,agent,patient,-0.09375,agent
663,knits,woman,beautifully,This woman knits beautifully.,-0.79736328125,-0.60986328125,agent,patient,-0.1875,agent
664,knits,yarn,poorly,This yarn knits poorly.,-1.20703125,-0.363525390625,patient,patient,-0.843505859375,patient
665,knits,wool,poorly,This wool knits poorly.,-1.1650390625,-0.384033203125,patient,patient,-0.781005859375,patient
666,knits,pattern,poorly,This pattern knits poorly.,-1.2978515625,-0.3291015625,patient,patient,-0.96875,patient
667,knits,person,poorly,This person knits poorly.,-0.943359375,-0.505859375,agent,patient,-0.4375,patient
668,knits,lady,poorly,This lady knits poorly.,-0.73095703125,-0.66845703125,agent,patient,-0.0625,agent
669,knits,man,poorly,This man knits poorly.,-0.79736328125,-0.60986328125,agent,patient,-0.1875,agent
670,knits,woman,poorly,This woman knits poorly.,-0.83154296875,-0.58154296875,agent,patient,-0.25,patient
671,knits,yarn,easily,This yarn knits easily.,-1.2294921875,-0.354248046875,patient,patient,-0.875244140625,patient
672,knits,wool,easily,This wool knits easily.,-1.1650390625,-0.3837890625,patient,patient,-0.78125,patient
673,knits,pattern,easily,This pattern knits easily.,-1.3203125,-0.3203125,patient,patient,-1.0,patient
674,knits,person,easily,This person knits easily.,-1.0400390625,-0.44677734375,agent,patient,-0.59326171875,patient
675,knits,lady,easily,This lady knits easily.,-0.73046875,-0.66796875,agent,patient,-0.0625,agent
676,knits,man,easily,This man knits easily.,-0.77978515625,-0.62353515625,agent,patient,-0.15625,agent
677,knits,woman,easily,This woman knits easily.,-0.81396484375,-0.59521484375,agent,patient,-0.21875,patient
678,sews,fabric,well,This fabric sews well.,-1.1650390625,-0.383544921875,patient,patient,-0.781494140625,patient
679,sews,material,well,This material sews well.,-0.88623046875,-0.54248046875,patient,patient,-0.34375,patient
680,sews,tailor,well,This tailor sews well.,-0.65283203125,-0.74658203125,agent,agent,0.09375,agent
681,sews,seamster,well,This seamster sews well.,-0.5673828125,-0.8486328125,agent,agent,0.28125,agent
682,sews,machine,well,This machine sews well.,-0.99951171875,-0.468505859375,agent,patient,-0.531005859375,patient
683,sews,fabric,nicely,This fabric sews nicely.,-1.1435546875,-0.3935546875,patient,patient,-0.75,patient
684,sews,material,nicely,This material sews nicely.,-0.88671875,-0.54296875,patient,patient,-0.34375,patient
685,sews,tailor,nicely,This tailor sews nicely.,-0.66796875,-0.73046875,agent,agent,0.0625,agent
686,sews,seamster,nicely,This seamster sews nicely.,-0.58154296875,-0.83154296875,agent,agent,0.25,agent
687,sews,machine,nicely,This machine sews nicely.,-1.0,-0.468505859375,agent,patient,-0.531494140625,patient
688,sews,fabric,beautifully,This fabric sews beautifully.,-1.2080078125,-0.36474609375,patient,patient,-0.84326171875,patient
689,sews,material,beautifully,This material sews beautifully.,-0.92431640625,-0.51806640625,patient,patient,-0.40625,patient
690,sews,tailor,beautifully,This tailor sews beautifully.,-0.68359375,-0.71484375,agent,agent,0.03125,agent
691,sews,seamster,beautifully,This seamster sews beautifully.,-0.609375,-0.796875,agent,agent,0.1875,agent
692,sews,machine,beautifully,This machine sews beautifully.,-1.0400390625,-0.446044921875,agent,patient,-0.593994140625,patient
693,sews,fabric,poorly,This fabric sews poorly.,-1.23046875,-0.355224609375,patient,patient,-0.875244140625,patient
694,sews,material,poorly,This material sews poorly.,-0.98095703125,-0.480712890625,patient,patient,-0.500244140625,patient
695,sews,tailor,poorly,This tailor sews poorly.,-0.73046875,-0.66796875,agent,patient,-0.0625,agent
696,sews,seamster,poorly,This seamster sews poorly.,-0.63818359375,-0.76318359375,agent,agent,0.125,agent
697,sews,machine,poorly,This machine sews poorly.,-1.1015625,-0.41357421875,agent,patient,-0.68798828125,patient
698,turns,screw,smoothly,This screw turns smoothly.,-1.0400390625,-0.446044921875,patient,patient,-0.593994140625,patient
699,turns,knob,smoothly,This knob turns smoothly.,-0.86865234375,-0.55615234375,patient,patient,-0.3125,patient
700,turns,car,smoothly,This car turns smoothly.,-0.92236328125,-0.51611328125,patient,patient,-0.40625,patient
701,turns,bike,smoothly,This bike turns smoothly.,-0.94140625,-0.50390625,patient,patient,-0.4375,patient
702,turns,motorcycle,smoothly,This motorcycle turns smoothly.,-0.98046875,-0.48046875,patient,patient,-0.5,patient
703,turns,valve,smoothly,This valve turns smoothly.,-1.412109375,-0.286865234375,patient,patient,-1.125244140625,patient
704,turns,handle,smoothly,This handle turns smoothly.,-0.8505859375,-0.5693359375,patient,patient,-0.28125,patient
705,turns,driver,smoothly,This driver turns smoothly.,-0.6083984375,-0.7958984375,agent,agent,0.1875,agent
706,turns,racer,smoothly,This racer turns smoothly.,-0.55517578125,-0.86767578125,agent,agent,0.3125,agent
707,turns,motorist,smoothly,This motorist turns smoothly.,-0.51611328125,-0.92236328125,agent,agent,0.40625,agent
708,turns,pilot,smoothly,This pilot turns smoothly.,-0.73046875,-0.66796875,agent,patient,-0.0625,agent
709,turns,screw,easily,This screw turns easily.,-1.01953125,-0.457275390625,patient,patient,-0.562255859375,patient
710,turns,knob,easily,This knob turns easily.,-0.9052734375,-0.5302734375,patient,patient,-0.375,patient
711,turns,car,easily,This car turns easily.,-0.96044921875,-0.49169921875,patient,patient,-0.46875,patient
712,turns,bike,easily,This bike turns easily.,-0.97998046875,-0.47998046875,patient,patient,-0.5,patient
713,turns,motorcycle,easily,This motorcycle turns easily.,-1.0400390625,-0.446044921875,patient,patient,-0.593994140625,patient
714,turns,valve,easily,This valve turns easily.,-1.435546875,-0.279296875,patient,patient,-1.15625,patient
715,turns,handle,easily,This handle turns easily.,-0.86865234375,-0.55615234375,patient,patient,-0.3125,patient
716,turns,driver,easily,This driver turns easily.,-0.65234375,-0.74609375,agent,agent,0.09375,agent
717,turns,racer,easily,This racer turns easily.,-0.58203125,-0.83203125,agent,agent,0.25,agent
718,turns,motorist,easily,This motorist turns easily.,-0.52880859375,-0.90380859375,agent,agent,0.375,agent
719,turns,pilot,easily,This pilot turns easily.,-0.77978515625,-0.62353515625,agent,patient,-0.15625,agent
720,turns,screw,nicely,This screw turns nicely.,-1.0,-0.46923828125,patient,patient,-0.53076171875,patient
721,turns,knob,nicely,This knob turns nicely.,-0.86865234375,-0.55615234375,patient,patient,-0.3125,patient
722,turns,car,nicely,This car turns nicely.,-0.904296875,-0.529296875,patient,patient,-0.375,patient
723,turns,bike,nicely,This bike turns nicely.,-0.94189453125,-0.50439453125,patient,patient,-0.4375,patient
724,turns,motorcycle,nicely,This motorcycle turns nicely.,-0.98095703125,-0.480712890625,patient,patient,-0.500244140625,patient
725,turns,valve,nicely,This valve turns nicely.,-1.388671875,-0.294921875,patient,patient,-1.09375,patient
726,turns,handle,nicely,This handle turns nicely.,-0.83349609375,-0.58349609375,patient,patient,-0.25,patient
727,turns,driver,nicely,This driver turns nicely.,-0.6376953125,-0.7626953125,agent,agent,0.125,agent
728,turns,racer,nicely,This racer turns nicely.,-0.56884765625,-0.85009765625,agent,agent,0.28125,agent
729,turns,motorist,nicely,This motorist turns nicely.,-0.5166015625,-0.9228515625,agent,agent,0.40625,agent
730,turns,pilot,nicely,This pilot turns nicely.,-0.74658203125,-0.65283203125,agent,patient,-0.09375,agent
731,turns,screw,roughly,This screw turns roughly.,-0.98095703125,-0.48095703125,patient,patient,-0.5,patient
732,turns,knob,roughly,This knob turns roughly.,-0.83349609375,-0.58349609375,patient,patient,-0.25,patient
733,turns,car,roughly,This car turns roughly.,-0.904296875,-0.529296875,patient,patient,-0.375,patient
734,turns,bike,roughly,This bike turns roughly.,-0.92333984375,-0.51708984375,patient,patient,-0.40625,patient
735,turns,motorcycle,roughly,This motorcycle turns roughly.,-0.98095703125,-0.48095703125,patient,patient,-0.5,patient
736,turns,valve,roughly,This valve turns roughly.,-1.388671875,-0.29541015625,patient,patient,-1.09326171875,patient
737,turns,handle,roughly,This handle turns roughly.,-0.85107421875,-0.56982421875,patient,patient,-0.28125,patient
738,turns,driver,roughly,This driver turns roughly.,-0.65283203125,-0.74658203125,agent,agent,0.09375,agent
739,turns,racer,roughly,This racer turns roughly.,-0.5966796875,-0.8154296875,agent,agent,0.21875,agent
740,turns,motorist,roughly,This motorist turns roughly.,-0.54248046875,-0.88623046875,agent,agent,0.34375,agent
741,turns,pilot,roughly,This pilot turns roughly.,-0.7470703125,-0.6533203125,agent,patient,-0.09375,agent
742,carves,pumpkin,beautifully,This pumpkin carves beautifully.,-1.23046875,-0.355224609375,patient,patient,-0.875244140625,patient
743,carves,wood,beautifully,This wood carves beautifully.,-1.2744140625,-0.336669921875,patient,patient,-0.937744140625,patient
744,carves,stone,beautifully,This stone carves beautifully.,-1.3427734375,-0.3115234375,patient,patient,-1.03125,patient
745,carves,gem,beautifully,This gem carves beautifully.,-1.2080078125,-0.364013671875,patient,patient,-0.843994140625,patient
746,carves,ice,beautifully,This ice carves beautifully.,-1.275390625,-0.33740234375,patient,patient,-0.93798828125,patient
747,carves,steak,beautifully,This steak carves beautifully.,-1.0205078125,-0.458251953125,patient,patient,-0.562255859375,patient
748,carves,turkey,beautifully,This turkey carves beautifully.,-0.8681640625,-0.5556640625,patient,patient,-0.3125,patient
749,carves,sculptor,beautifully,This sculptor carves beautifully.,-0.5947265625,-0.8134765625,agent,agent,0.21875,agent
750,carves,person,beautifully,This person carves beautifully.,-0.92333984375,-0.51708984375,agent,patient,-0.40625,patient
751,carves,jeweler,beautifully,This jeweler carves beautifully.,-0.60888671875,-0.79638671875,agent,agent,0.1875,agent
752,carves,artisan,beautifully,This artisan carves beautifully.,-0.54052734375,-0.88427734375,agent,agent,0.34375,agent
753,carves,carver,beautifully,This carver carves beautifully.,-0.72998046875,-0.66748046875,agent,patient,-0.0625,agent
754,carves,pumpkin,nicely,This pumpkin carves nicely.,-1.23046875,-0.35498046875,patient,patient,-0.87548828125,patient
755,carves,wood,nicely,This wood carves nicely.,-1.2294921875,-0.354736328125,patient,patient,-0.874755859375,patient
756,carves,stone,nicely,This stone carves nicely.,-1.2744140625,-0.3369140625,patient,patient,-0.9375,patient
757,carves,gem,nicely,This gem carves nicely.,-1.1865234375,-0.37353515625,patient,patient,-0.81298828125,patient
758,carves,ice,nicely,This ice carves nicely.,-1.2529296875,-0.34619140625,patient,patient,-0.90673828125,patient
759,carves,steak,nicely,This steak carves nicely.,-1.0009765625,-0.46923828125,patient,patient,-0.53173828125,patient
760,carves,turkey,nicely,This turkey carves nicely.,-0.85009765625,-0.56884765625,patient,patient,-0.28125,patient
761,carves,sculptor,nicely,This sculptor carves nicely.,-0.5947265625,-0.8134765625,agent,agent,0.21875,agent
762,carves,person,nicely,This person carves nicely.,-0.90478515625,-0.52978515625,agent,patient,-0.375,patient
763,carves,jeweler,nicely,This jeweler carves nicely.,-0.623046875,-0.779296875,agent,agent,0.15625,agent
764,carves,artisan,nicely,This artisan carves nicely.,-0.51513671875,-0.92138671875,agent,agent,0.40625,agent
765,carves,carver,nicely,This carver carves nicely.,-0.72998046875,-0.66748046875,agent,patient,-0.0625,agent
766,carves,pumpkin,cleanly,This pumpkin carves cleanly.,-1.1865234375,-0.3740234375,patient,patient,-0.8125,patient
767,carves,wood,cleanly,This wood carves cleanly.,-1.2294921875,-0.354736328125,patient,patient,-0.874755859375,patient
768,carves,stone,cleanly,This stone carves cleanly.,-1.2744140625,-0.3369140625,patient,patient,-0.9375,patient
769,carves,gem,cleanly,This gem carves cleanly.,-1.1435546875,-0.393310546875,patient,patient,-0.750244140625,patient
770,carves,ice,cleanly,This ice carves cleanly.,-1.2744140625,-0.337158203125,patient,patient,-0.937255859375,patient
771,carves,steak,cleanly,This steak carves cleanly.,-0.98095703125,-0.48095703125,patient,patient,-0.5,patient
772,carves,turkey,cleanly,This turkey carves cleanly.,-0.81494140625,-0.59619140625,patient,patient,-0.21875,patient
773,carves,sculptor,cleanly,This sculptor carves cleanly.,-0.5673828125,-0.8486328125,agent,agent,0.28125,agent
774,carves,person,cleanly,This person carves cleanly.,-0.8681640625,-0.5556640625,agent,patient,-0.3125,patient
775,carves,jeweler,cleanly,This jeweler carves cleanly.,-0.5947265625,-0.8134765625,agent,agent,0.21875,agent
776,carves,artisan,cleanly,This artisan carves cleanly.,-0.50244140625,-0.93994140625,agent,agent,0.4375,agent
777,carves,carver,cleanly,This carver carves cleanly.,-0.6982421875,-0.6982421875,agent,agent,0.0,agent
778,carves,pumpkin,flawlessly,This pumpkin carves flawlessly.,-1.1650390625,-0.383544921875,patient,patient,-0.781494140625,patient
779,carves,wood,flawlessly,This wood carves flawlessly.,-1.251953125,-0.345458984375,patient,patient,-0.906494140625,patient
780,carves,stone,flawlessly,This stone carves flawlessly.,-1.2744140625,-0.3369140625,patient,patient,-0.9375,patient
781,carves,gem,flawlessly,This gem carves flawlessly.,-1.185546875,-0.373291015625,patient,patient,-0.812255859375,patient
782,carves,ice,flawlessly,This ice carves flawlessly.,-1.23046875,-0.35498046875,patient,patient,-0.87548828125,patient
783,carves,steak,flawlessly,This steak carves flawlessly.,-0.96142578125,-0.49267578125,patient,patient,-0.46875,patient
784,carves,turkey,flawlessly,This turkey carves flawlessly.,-0.81494140625,-0.59619140625,patient,patient,-0.21875,patient
785,carves,sculptor,flawlessly,This sculptor carves flawlessly.,-0.5537109375,-0.8662109375,agent,agent,0.3125,agent
786,carves,person,flawlessly,This person carves flawlessly.,-0.88623046875,-0.54248046875,agent,patient,-0.34375,patient
787,carves,jeweler,flawlessly,This jeweler carves flawlessly.,-0.5947265625,-0.8134765625,agent,agent,0.21875,agent
788,carves,artisan,flawlessly,This artisan carves flawlessly.,-0.50244140625,-0.93994140625,agent,agent,0.4375,agent
789,carves,carver,flawlessly,This carver carves flawlessly.,-0.6982421875,-0.6982421875,agent,agent,0.0,agent
790,sculpts,wood,beautifully,This wood sculpts beautifully.,-1.3203125,-0.320068359375,patient,patient,-1.000244140625,patient
791,sculpts,stone,beautifully,This stone sculpts beautifully.,-1.3427734375,-0.31201171875,patient,patient,-1.03076171875,patient
792,sculpts,marble,beautifully,This marble sculpts beautifully.,-1.4365234375,-0.280517578125,patient,patient,-1.156005859375,patient
793,sculpts,ice,beautifully,This ice sculpts beautifully.,-1.390625,-0.29638671875,patient,patient,-1.09423828125,patient
794,sculpts,clay,beautifully,This clay sculpts beautifully.,-1.2529296875,-0.34619140625,patient,patient,-0.90673828125,patient
795,sculpts,sculptor,beautifully,This sculptor sculpts beautifully.,-0.54150390625,-0.88525390625,agent,agent,0.34375,agent
796,sculpts,person,beautifully,This person sculpts beautifully.,-0.92431640625,-0.51806640625,agent,patient,-0.40625,patient
797,sculpts,potter,beautifully,This potter sculpts beautifully.,-0.79736328125,-0.60986328125,agent,patient,-0.1875,agent
798,sculpts,mason,beautifully,This mason sculpts beautifully.,-0.71435546875,-0.68310546875,agent,patient,-0.03125,agent
799,sculpts,carver,beautifully,This carver sculpts beautifully.,-0.7138671875,-0.6826171875,agent,patient,-0.03125,agent
800,sculpts,wood,nicely,This wood sculpts nicely.,-1.2744140625,-0.337158203125,patient,patient,-0.937255859375,patient
801,sculpts,stone,nicely,This stone sculpts nicely.,-1.2978515625,-0.32861328125,patient,patient,-0.96923828125,patient
802,sculpts,marble,nicely,This marble sculpts nicely.,-1.4130859375,-0.287841796875,patient,patient,-1.125244140625,patient
803,sculpts,ice,nicely,This ice sculpts nicely.,-1.34375,-0.312255859375,patient,patient,-1.031494140625,patient
804,sculpts,clay,nicely,This clay sculpts nicely.,-1.23046875,-0.355224609375,patient,patient,-0.875244140625,patient
805,sculpts,sculptor,nicely,This sculptor sculpts nicely.,-0.54150390625,-0.88525390625,agent,agent,0.34375,agent
806,sculpts,person,nicely,This person sculpts nicely.,-0.9052734375,-0.5302734375,agent,patient,-0.375,patient
807,sculpts,potter,nicely,This potter sculpts nicely.,-0.814453125,-0.595703125,agent,patient,-0.21875,patient
808,sculpts,mason,nicely,This mason sculpts nicely.,-0.71435546875,-0.68310546875,agent,patient,-0.03125,agent
809,sculpts,carver,nicely,This carver sculpts nicely.,-0.7138671875,-0.6826171875,agent,patient,-0.03125,agent
810,sculpts,wood,cleanly,This wood sculpts cleanly.,-1.23046875,-0.355224609375,patient,patient,-0.875244140625,patient
811,sculpts,stone,cleanly,This stone sculpts cleanly.,-1.275390625,-0.33740234375,patient,patient,-0.93798828125,patient
812,sculpts,marble,cleanly,This marble sculpts cleanly.,-1.4130859375,-0.287841796875,patient,patient,-1.125244140625,patient
813,sculpts,ice,cleanly,This ice sculpts cleanly.,-1.34375,-0.3125,patient,patient,-1.03125,patient
814,sculpts,clay,cleanly,This clay sculpts cleanly.,-1.1865234375,-0.3740234375,patient,patient,-0.8125,patient
815,sculpts,sculptor,cleanly,This sculptor sculpts cleanly.,-0.52880859375,-0.90380859375,agent,agent,0.375,agent
816,sculpts,person,cleanly,This person sculpts cleanly.,-0.88720703125,-0.54345703125,agent,patient,-0.34375,patient
817,sculpts,potter,cleanly,This potter sculpts cleanly.,-0.7802734375,-0.6240234375,agent,patient,-0.15625,agent
818,sculpts,mason,cleanly,This mason sculpts cleanly.,-0.69873046875,-0.69873046875,agent,agent,0.0,agent
819,sculpts,carver,cleanly,This carver sculpts cleanly.,-0.68310546875,-0.71435546875,agent,agent,0.03125,agent
